settlement_id,transaction_id,amount,settlement_date
STL-5000,TXN-1000,97.72,2026-03-02
STL-5001,TXN-1001,112.52,2026-03-02
STL-5002,TXN-1002,37.37,2026-03-02
STL-5003,TXN-1003,103.12,2026-03-02
STL-5004,TXN-1004,90.62,2026-03-02
STL-5005,TXN-1005,9.32,2026-03-02
STL-5006,TXN-1006,38.74,2026-03-02
STL-5007,TXN-1007,86.38,2026-03-03
STL-5008,TXN-1008,36.96,2026-03-03
STL-5009,TXN-1009,122.37,2026-03-02
STL-5010,TXN-1010,115.03,2026-03-02
STL-5011,TXN-1011,106.23,2026-03-03
STL-5012,TXN-1012,45.29,2026-03-02
STL-5013,TXN-1013,143.8,2026-03-03
STL-5014,TXN-1014,19.82,2026-03-03
STL-5015,TXN-1015,19.02,2026-03-03
STL-5016,TXN-1016,92.54,2026-03-02
STL-5017,TXN-1017,110.81,2026-03-02
STL-5018,TXN-1018,146.1,2026-03-03
STL-5019,TXN-1019,16.43,2026-03-03
STL-5020,TXN-1020,125.26,2026-03-03
STL-5021,TXN-1021,88.72,2026-03-02
STL-5022,TXN-1022,11.64,2026-03-02
STL-5023,TXN-1023,117.09,2026-03-02
STL-5024,TXN-1024,129.02,2026-03-02
STL-5025,TXN-1025,60.12,2026-03-03
STL-5026,TXN-1026,97.17,2026-03-03
STL-5027,TXN-1027,28.58,2026-03-03
STL-5028,TXN-1028,35.38,2026-03-03
STL-5029,TXN-1029,106.76,2026-03-02
STL-5030,TXN-1030,93.32,2026-03-02
STL-5031,TXN-1031,82.45,2026-03-02
STL-5032,TXN-1032,28.69,2026-03-03
STL-5033,TXN-1033,44.14,2026-03-02
STL-5034,TXN-1034,104.27,2026-03-02
STL-5035,TXN-1035,38.21,2026-03-02
STL-5036,TXN-1036,121.73,2026-03-03
STL-5037,TXN-1037,43.82,2026-03-02
STL-5038,TXN-1038,137.4,2026-03-03
STL-5039,TXN-1039,35.83,2026-03-03
STL-5040,TXN-1040,62.37,2026-03-03
STL-5041,TXN-1041,25.72,2026-03-02
STL-5042,TXN-1042,40.76,2026-03-03
STL-5043,TXN-1043,113.32,2026-03-03
STL-5044,TXN-1044,135.18,2026-03-03
STL-5045,TXN-1045,57.49,2026-03-02
STL-5046,TXN-1046,78.88,2026-03-02
STL-5047,TXN-1047,114.59,2026-03-02
STL-5048,TXN-1048,27.16,2026-03-02
STL-5049,TXN-1049,119.85,2026-03-03
STL-5050,TXN-1050,91.48,2026-03-04
STL-5051,TXN-1051,60.33,2026-03-04
STL-5052,TXN-1052,81.72,2026-03-03
STL-5053,TXN-1053,103.64,2026-03-03
STL-5054,TXN-1054,103.85,2026-03-04
STL-5055,TXN-1055,116.45,2026-03-04
STL-5056,TXN-1056,21.18,2026-03-04
STL-5057,TXN-1057,27.93,2026-03-03
STL-5058,TXN-1058,143.3,2026-03-04
STL-5059,TXN-1059,145.92,2026-03-03
STL-5060,TXN-1060,78.61,2026-03-03
STL-5061,TXN-1061,131.23,2026-03-04
STL-5062,TXN-1062,127.04,2026-03-03
STL-5063,TXN-1063,27.16,2026-03-03
STL-5064,TXN-1064,83.21,2026-03-03
STL-5065,TXN-1065,91.85,2026-03-04
STL-5066,TXN-1066,7.82,2026-03-04
STL-5067,TXN-1067,132.41,2026-03-04
STL-5068,TXN-1068,39.72,2026-03-03
STL-5069,TXN-1069,132.31,2026-03-03
STL-5070,TXN-1070,17.42,2026-03-04
STL-5071,TXN-1071,123.32,2026-03-03
STL-5072,TXN-1072,23.62,2026-03-04
STL-5073,TXN-1073,142.29,2026-03-03
STL-5074,TXN-1074,43.43,2026-03-04
STL-5075,TXN-1075,144.83,2026-03-03
STL-5076,TXN-1076,108.38,2026-03-04
STL-5077,TXN-1077,149.3,2026-03-04
STL-5078,TXN-1078,68.52,2026-03-04
STL-5079,TXN-1079,22.55,2026-03-03
STL-5080,TXN-1080,14.28,2026-03-03
STL-5081,TXN-1081,90.3,2026-03-03
STL-5082,TXN-1082,90.32,2026-03-03
STL-5083,TXN-1083,15.29,2026-03-03
STL-5084,TXN-1084,38.2,2026-03-03
STL-5085,TXN-1085,129.65,2026-03-03
STL-5086,TXN-1086,79.55,2026-03-04
STL-5087,TXN-1087,102.0,2026-03-03
STL-5088,TXN-1088,83.19,2026-03-04
STL-5089,TXN-1089,40.23,2026-03-04
STL-5090,TXN-1090,122.09,2026-03-03
STL-5091,TXN-1091,18.68,2026-03-04
STL-5092,TXN-1092,56.37,2026-03-04
STL-5093,TXN-1093,72.72,2026-03-03
STL-5094,TXN-1094,102.64,2026-03-03
STL-5095,TXN-1095,13.79,2026-03-04
STL-5096,TXN-1096,121.09,2026-03-03
STL-5097,TXN-1097,41.06,2026-03-03
STL-5098,TXN-1098,82.76,2026-03-03
STL-5099,TXN-1099,66.17,2026-03-04
STL-5100,TXN-1100,72.08,2026-03-04
STL-5101,TXN-1101,69.25,2026-03-04
STL-5102,TXN-1102,12.34,2026-03-04
STL-5103,TXN-1103,145.5,2026-03-04
STL-5104,TXN-1104,29.12,2026-03-05
STL-5105,TXN-1105,74.8,2026-03-05
STL-5106,TXN-1106,135.85,2026-03-04
STL-5107,TXN-1107,59.95,2026-03-05
STL-5108,TXN-1108,43.45,2026-03-05
STL-5109,TXN-1109,46.36,2026-03-05
STL-5110,TXN-1110,27.45,2026-03-05
STL-5111,TXN-1111,36.57,2026-03-04
STL-5112,TXN-1112,88.98,2026-03-04
STL-5113,TXN-1113,113.46,2026-03-04
STL-5114,TXN-1114,12.27,2026-03-05
STL-5115,TXN-1115,77.91,2026-03-04
STL-5116,TXN-1116,13.25,2026-03-04
STL-5117,TXN-1117,128.44,2026-03-04
STL-5118,TXN-1118,91.28,2026-03-04
STL-5119,TXN-1119,63.55,2026-03-04
STL-5120,TXN-1120,88.94,2026-03-04
STL-5121,TXN-1121,94.81,2026-03-05
STL-5122,TXN-1122,100.32,2026-03-05
STL-5123,TXN-1123,140.53,2026-03-04
STL-5124,TXN-1124,102.11,2026-03-05
STL-5125,TXN-1125,39.61,2026-03-05
STL-5126,TXN-1126,23.98,2026-03-05
STL-5127,TXN-1127,71.3,2026-03-04
STL-5128,TXN-1128,6.35,2026-03-04
STL-5129,TXN-1129,15.62,2026-03-04
STL-5130,TXN-1130,78.35,2026-03-04
STL-5131,TXN-1131,140.32,2026-03-04
STL-5132,TXN-1132,132.49,2026-03-05
STL-5133,TXN-1133,46.32,2026-03-05
STL-5134,TXN-1134,125.89,2026-03-05
STL-5135,TXN-1135,93.69,2026-03-04
STL-5136,TXN-1136,101.84,2026-03-05
STL-5137,TXN-1137,140.1,2026-03-04
STL-5138,TXN-1138,141.14,2026-03-04
STL-5139,TXN-1139,43.35,2026-03-04
STL-5140,TXN-1140,112.65,2026-03-04
STL-5141,TXN-1141,44.49,2026-03-04
STL-5142,TXN-1142,109.05,2026-03-04
STL-5143,TXN-1143,104.69,2026-03-05
STL-5144,TXN-1144,78.28,2026-03-05
STL-5145,TXN-1145,136.27,2026-03-04
STL-5146,TXN-1146,18.38,2026-03-05
STL-5147,TXN-1147,125.26,2026-03-04
STL-5148,TXN-1148,5.51,2026-03-04
STL-5149,TXN-1149,97.38,2026-03-05
STL-5150,TXN-1150,28.43,2026-03-06
STL-5151,TXN-1151,84.99,2026-03-06
STL-5152,TXN-1152,86.33,2026-03-05
STL-5153,TXN-1153,15.91,2026-03-05
STL-5154,TXN-1154,84.11,2026-03-06
STL-5155,TXN-1155,89.46,2026-03-05
STL-5156,TXN-1156,67.32,2026-03-05
STL-5157,TXN-1157,49.7,2026-03-05
STL-5158,TXN-1158,135.34,2026-03-05
STL-5159,TXN-1159,103.9,2026-03-05
STL-5160,TXN-1160,56.28,2026-03-06
STL-5161,TXN-1161,146.21,2026-03-05
STL-5162,TXN-1162,139.24,2026-03-05
STL-5163,TXN-1163,130.37,2026-03-05
STL-5164,TXN-1164,132.81,2026-03-05
STL-5165,TXN-1165,31.01,2026-03-06
STL-5166,TXN-1166,118.45,2026-03-06
STL-5167,TXN-1167,121.32,2026-03-05
STL-5168,TXN-1168,43.69,2026-03-05
STL-5169,TXN-1169,60.47,2026-03-05
STL-5170,TXN-1170,129.5,2026-03-05
STL-5171,TXN-1171,33.94,2026-03-06
STL-5172,TXN-1172,55.7,2026-03-05
STL-5173,TXN-1173,37.32,2026-03-05
STL-5174,TXN-1174,62.78,2026-03-06
STL-5175,TXN-1175,130.33,2026-03-06
STL-5176,TXN-1176,55.92,2026-03-06
STL-5177,TXN-1177,103.53,2026-03-06
STL-5178,TXN-1178,141.19,2026-03-05
STL-5179,TXN-1179,132.17,2026-03-06
STL-5180,TXN-1180,30.89,2026-03-06
STL-5181,TXN-1181,10.55,2026-03-06
STL-5182,TXN-1182,55.12,2026-03-06
STL-5183,TXN-1183,68.28,2026-03-05
STL-5184,TXN-1184,60.85,2026-03-05
STL-5185,TXN-1185,41.93,2026-03-06
STL-5186,TXN-1186,5.25,2026-03-05
STL-5187,TXN-1187,57.81,2026-03-05
STL-5188,TXN-1188,142.59,2026-03-06
STL-5189,TXN-1189,95.36,2026-03-05
STL-5190,TXN-1190,109.36,2026-03-06
STL-5191,TXN-1191,78.53,2026-03-06
STL-5192,TXN-1192,52.3,2026-03-06
STL-5193,TXN-1193,85.39,2026-03-05
STL-5194,TXN-1194,65.96,2026-03-06
STL-5195,TXN-1195,103.21,2026-03-05
STL-5196,TXN-1196,94.25,2026-03-06
STL-5197,TXN-1197,63.88,2026-03-05
STL-5198,TXN-1198,49.06,2026-03-05
STL-5199,TXN-1199,67.33,2026-03-06
STL-5200,TXN-1200,72.42,2026-03-07
STL-5201,TXN-1201,102.97,2026-03-07
STL-5202,TXN-1202,120.09,2026-03-06
STL-5203,TXN-1203,100.53,2026-03-07
STL-5204,TXN-1204,79.74,2026-03-07
STL-5205,TXN-1205,18.54,2026-03-06
STL-5206,TXN-1206,102.56,2026-03-06
STL-5207,TXN-1207,121.95,2026-03-06
STL-5208,TXN-1208,8.54,2026-03-06
STL-5209,TXN-1209,147.67,2026-03-06
STL-5210,TXN-1210,71.04,2026-03-06
STL-5211,TXN-1211,109.16,2026-03-07
STL-5212,TXN-1212,76.68,2026-03-06
STL-5213,TXN-1213,26.4,2026-03-06
STL-5214,TXN-1214,134.44,2026-03-06
STL-5215,TXN-1215,117.87,2026-03-06
STL-5216,TXN-1216,30.5,2026-03-07
STL-5217,TXN-1217,12.28,2026-03-06
STL-5218,TXN-1218,138.03,2026-03-06
STL-5219,TXN-1219,71.19,2026-03-07
STL-5220,TXN-1220,101.8,2026-03-07
STL-5221,TXN-1221,142.76,2026-03-07
STL-5222,TXN-1222,93.83,2026-03-07
STL-5223,TXN-1223,125.43,2026-03-07
STL-5224,TXN-1224,135.1,2026-03-07
STL-5225,TXN-1225,70.26,2026-03-06
STL-5226,TXN-1226,126.78,2026-03-07
STL-5227,TXN-1227,116.04,2026-03-07
STL-5228,TXN-1228,95.88,2026-03-07
STL-5229,TXN-1229,68.78,2026-03-07
STL-5230,TXN-1230,39.0,2026-03-07
STL-5231,TXN-1231,51.36,2026-03-06
STL-5232,TXN-1232,25.06,2026-03-06
STL-5233,TXN-1233,60.54,2026-03-06
STL-5234,TXN-1234,107.43,2026-03-06
STL-5235,TXN-1235,65.16,2026-03-07
STL-5236,TXN-1236,83.68,2026-03-07
STL-5237,TXN-1237,14.03,2026-03-07
STL-5238,TXN-1238,61.47,2026-03-06
STL-5239,TXN-1239,129.23,2026-03-07
STL-5240,TXN-1240,74.16,2026-03-07
STL-5241,TXN-1241,48.3,2026-03-07
STL-5242,TXN-1242,128.75,2026-03-07
STL-5243,TXN-1243,83.04,2026-03-06
STL-5244,TXN-1244,75.79,2026-03-07
STL-5245,TXN-1245,68.2,2026-03-06
STL-5246,TXN-1246,61.38,2026-03-07
STL-5247,TXN-1247,110.01,2026-03-07
STL-5248,TXN-1248,138.33,2026-03-06
STL-5249,TXN-1249,136.5,2026-03-06
STL-5250,TXN-1250,17.17,2026-03-08
STL-5251,TXN-1251,24.68,2026-03-08
STL-5252,TXN-1252,31.35,2026-03-08
STL-5253,TXN-1253,59.97,2026-03-07
STL-5254,TXN-1254,70.93,2026-03-08
STL-5255,TXN-1255,115.38,2026-03-08
STL-5256,TXN-1256,45.35,2026-03-08
STL-5257,TXN-1257,41.58,2026-03-07
STL-5258,TXN-1258,73.19,2026-03-07
STL-5259,TXN-1259,149.99,2026-03-08
STL-5260,TXN-1260,37.51,2026-03-07
STL-5261,TXN-1261,118.28,2026-03-07
STL-5262,TXN-1262,114.36,2026-03-07
STL-5263,TXN-1263,33.91,2026-03-07
STL-5264,TXN-1264,95.09,2026-03-07
STL-5265,TXN-1265,23.3,2026-03-07
STL-5266,TXN-1266,86.78,2026-03-07
STL-5267,TXN-1267,72.43,2026-03-08
STL-5268,TXN-1268,116.2,2026-03-07
STL-5269,TXN-1269,92.85,2026-03-07
STL-5270,TXN-1270,117.78,2026-03-07
STL-5271,TXN-1271,144.88,2026-03-07
STL-5272,TXN-1272,88.91,2026-03-08
STL-5273,TXN-1273,88.49,2026-03-08
STL-5274,TXN-1274,62.51,2026-03-07
STL-5275,TXN-1275,16.02,2026-03-07
STL-5276,TXN-1276,19.78,2026-03-08
STL-5277,TXN-1277,128.29,2026-03-07
STL-5278,TXN-1278,120.45,2026-03-07
STL-5279,TXN-1279,55.34,2026-03-08
STL-5280,TXN-1280,100.92,2026-03-07
STL-5281,TXN-1281,78.36,2026-03-08
STL-5282,TXN-1282,6.83,2026-03-08
STL-5283,TXN-1283,124.24,2026-03-07
STL-5284,TXN-1284,67.86,2026-03-08
STL-5285,TXN-1285,97.16,2026-03-08
STL-5286,TXN-1286,107.56,2026-03-08
STL-5287,TXN-1287,30.54,2026-03-08
STL-5288,TXN-1288,94.31,2026-03-08
STL-5289,TXN-1289,72.41,2026-03-08
STL-5290,TXN-1290,51.73,2026-03-07
STL-5291,TXN-1291,125.46,2026-03-07
STL-5292,TXN-1292,45.44,2026-03-08
STL-5293,TXN-1293,40.36,2026-03-08
STL-5294,TXN-1294,87.63,2026-03-08
STL-5295,TXN-1295,53.78,2026-03-08
STL-5296,TXN-1296,128.39,2026-03-07
STL-5297,TXN-1297,75.69,2026-03-08
STL-5298,TXN-1298,120.69,2026-03-08
STL-5299,TXN-1299,45.55,2026-03-08
STL-5300,TXN-1300,85.59,2026-03-08
STL-5301,TXN-1301,17.41,2026-03-09
STL-5302,TXN-1302,75.84,2026-03-08
STL-5303,TXN-1303,105.14,2026-03-09
STL-5304,TXN-1304,69.99,2026-03-08
STL-5305,TXN-1305,18.49,2026-03-08
STL-5306,TXN-1306,63.64,2026-03-08
STL-5307,TXN-1307,49.4,2026-03-09
STL-5308,TXN-1308,73.62,2026-03-09
STL-5309,TXN-1309,66.7,2026-03-09
STL-5310,TXN-1310,56.01,2026-03-09
STL-5311,TXN-1311,44.28,2026-03-09
STL-5312,TXN-1312,38.43,2026-03-08
STL-5313,TXN-1313,50.75,2026-03-08
STL-5314,TXN-1314,32.77,2026-03-09
STL-5315,TXN-1315,45.09,2026-03-09
STL-5316,TXN-1316,147.17,2026-03-08
STL-5317,TXN-1317,47.96,2026-03-09
STL-5318,TXN-1318,31.02,2026-03-08
STL-5319,TXN-1319,107.66,2026-03-08
STL-5320,TXN-1320,44.78,2026-03-08
STL-5321,TXN-1321,85.24,2026-03-08
STL-5322,TXN-1322,97.49,2026-03-09
STL-5323,TXN-1323,19.88,2026-03-08
STL-5324,TXN-1324,88.24,2026-03-09
STL-5325,TXN-1325,74.41,2026-03-09
STL-5326,TXN-1326,31.73,2026-03-08
STL-5327,TXN-1327,41.61,2026-03-09
STL-5328,TXN-1328,21.54,2026-03-08
STL-5329,TXN-1329,63.1,2026-03-08
STL-5330,TXN-1330,88.67,2026-03-08
STL-5331,TXN-1331,27.0,2026-03-09
STL-5332,TXN-1332,17.35,2026-03-08
STL-5333,TXN-1333,22.18,2026-03-09
STL-5334,TXN-1334,92.92,2026-03-08
STL-5335,TXN-1335,117.48,2026-03-09
STL-5336,TXN-1336,70.32,2026-03-09
STL-5337,TXN-1337,48.12,2026-03-09
STL-5338,TXN-1338,49.28,2026-03-08
STL-5339,TXN-1339,93.4,2026-03-08
STL-5340,TXN-1340,142.4,2026-03-08
STL-5341,TXN-1341,95.7,2026-03-09
STL-5342,TXN-1342,100.76,2026-03-08
STL-5343,TXN-1343,39.78,2026-03-08
STL-5344,TXN-1344,27.7,2026-03-09
STL-5345,TXN-1345,70.32,2026-03-09
STL-5346,TXN-1346,47.23,2026-03-08
STL-5347,TXN-1347,46.78,2026-03-09
STL-5348,TXN-1348,106.93,2026-03-09
STL-5349,TXN-1349,15.32,2026-03-08
STL-5350,TXN-1350,138.97,2026-03-09
STL-5351,TXN-1351,66.65,2026-03-09
STL-5352,TXN-1352,98.91,2026-03-10
STL-5353,TXN-1353,124.86,2026-03-09
STL-5354,TXN-1354,13.65,2026-03-10
STL-5355,TXN-1355,91.28,2026-03-10
STL-5356,TXN-1356,68.68,2026-03-10
STL-5357,TXN-1357,104.86,2026-03-10
STL-5358,TXN-1358,141.69,2026-03-10
STL-5359,TXN-1359,68.48,2026-03-09
STL-5360,TXN-1360,133.97,2026-03-10
STL-5361,TXN-1361,92.54,2026-03-09
STL-5362,TXN-1362,18.24,2026-03-09
STL-5363,TXN-1363,149.94,2026-03-10
STL-5364,TXN-1364,88.56,2026-03-09
STL-5365,TXN-1365,73.22,2026-03-10
STL-5366,TXN-1366,137.83,2026-03-09
STL-5367,TXN-1367,149.56,2026-03-10
STL-5368,TXN-1368,97.04,2026-03-10
STL-5369,TXN-1369,145.51,2026-03-10
STL-5370,TXN-1370,55.45,2026-03-10
STL-5371,TXN-1371,51.55,2026-03-09
STL-5372,TXN-1372,129.37,2026-03-10
STL-5373,TXN-1373,64.69,2026-03-10
STL-5374,TXN-1374,46.79,2026-03-10
STL-5375,TXN-1375,122.97,2026-03-09
STL-5376,TXN-1376,70.95,2026-03-10
STL-5377,TXN-1377,41.6,2026-03-09
STL-5378,TXN-1378,145.68,2026-03-10
STL-5379,TXN-1379,130.41,2026-03-09
STL-5380,TXN-1380,100.36,2026-03-10
STL-5381,TXN-1381,64.92,2026-03-09
STL-5382,TXN-1382,80.17,2026-03-10
STL-5383,TXN-1383,95.68,2026-03-09
STL-5384,TXN-1384,34.52,2026-03-09
STL-5385,TXN-1385,139.51,2026-03-10
STL-5386,TXN-1386,132.72,2026-03-10
STL-5387,TXN-1387,22.61,2026-03-09
STL-5388,TXN-1388,107.92,2026-03-10
STL-5389,TXN-1389,84.87,2026-03-10
STL-5390,TXN-1390,18.52,2026-03-09
STL-5391,TXN-1391,71.91,2026-03-09
STL-5392,TXN-1392,98.92,2026-03-09
STL-5393,TXN-1393,77.26,2026-03-10
STL-5394,TXN-1394,78.79,2026-03-10
STL-5395,TXN-1395,65.25,2026-03-10
STL-5396,TXN-1396,147.14,2026-03-09
STL-5397,TXN-1397,71.23,2026-03-09
STL-5398,TXN-1398,60.62,2026-03-09
STL-5399,TXN-1399,130.28,2026-03-10
STL-5400,TXN-1400,117.04,2026-03-11
STL-5401,TXN-1401,54.28,2026-03-11
STL-5402,TXN-1402,123.98,2026-03-11
STL-5403,TXN-1403,110.28,2026-03-11
STL-5404,TXN-1404,130.46,2026-03-11
STL-5405,TXN-1405,83.09,2026-03-11
STL-5406,TXN-1406,53.2,2026-03-11
STL-5407,TXN-1407,71.02,2026-03-11
STL-5408,TXN-1408,131.09,2026-03-10
STL-5409,TXN-1409,87.91,2026-03-10
STL-5410,TXN-1410,129.12,2026-03-11
STL-5411,TXN-1411,11.33,2026-03-11
STL-5412,TXN-1412,107.26,2026-03-11
STL-5413,TXN-1413,60.98,2026-03-10
STL-5414,TXN-1414,76.82,2026-03-10
STL-5415,TXN-1415,23.31,2026-03-11
STL-5416,TXN-1416,131.11,2026-03-11
STL-5417,TXN-1417,19.46,2026-03-11
STL-5418,TXN-1418,7.23,2026-03-10
STL-5419,TXN-1419,64.45,2026-03-10
STL-5420,TXN-1420,15.85,2026-03-11
STL-5421,TXN-1421,54.09,2026-03-11
STL-5422,TXN-1422,99.23,2026-03-11
STL-5423,TXN-1423,128.59,2026-03-11
STL-5424,TXN-1424,143.35,2026-03-11
STL-5425,TXN-1425,131.5,2026-03-10
STL-5426,TXN-1426,94.53,2026-03-10
STL-5427,TXN-1427,96.52,2026-03-11
STL-5428,TXN-1428,149.63,2026-03-10
STL-5429,TXN-1429,67.93,2026-03-10
STL-5430,TXN-1430,115.25,2026-03-10
STL-5431,TXN-1431,69.33,2026-03-11
STL-5432,TXN-1432,136.0,2026-03-10
STL-5433,TXN-1433,52.03,2026-03-10
STL-5434,TXN-1434,47.54,2026-03-11
STL-5435,TXN-1435,67.45,2026-03-10
STL-5436,TXN-1436,82.02,2026-03-10
STL-5437,TXN-1437,29.65,2026-03-10
STL-5438,TXN-1438,93.38,2026-03-11
STL-5439,TXN-1439,94.86,2026-03-10
STL-5440,TXN-1440,77.16,2026-03-10
STL-5441,TXN-1441,38.67,2026-03-11
STL-5442,TXN-1442,71.64,2026-03-10
STL-5443,TXN-1443,135.34,2026-03-11
STL-5444,TXN-1444,135.68,2026-03-10
STL-5445,TXN-1445,15.71,2026-03-11
STL-5446,TXN-1446,148.21,2026-03-11
STL-5447,TXN-1447,97.65,2026-03-11
STL-5448,TXN-1448,105.1,2026-03-11
STL-5449,TXN-1449,127.57,2026-03-10
STL-5450,TXN-1450,149.91,2026-03-12
STL-5451,TXN-1451,20.46,2026-03-12
STL-5452,TXN-1452,87.93,2026-03-12
STL-5453,TXN-1453,148.94,2026-03-12
STL-5454,TXN-1454,8.18,2026-03-12
STL-5455,TXN-1455,44.8,2026-03-11
STL-5456,TXN-1456,137.04,2026-03-12
STL-5457,TXN-1457,125.76,2026-03-12
STL-5458,TXN-1458,117.48,2026-03-11
STL-5459,TXN-1459,93.02,2026-03-12
STL-5460,TXN-1460,36.76,2026-03-11
STL-5461,TXN-1461,95.03,2026-03-11
STL-5462,TXN-1462,96.1,2026-03-11
STL-5463,TXN-1463,49.8,2026-03-12
STL-5464,TXN-1464,9.84,2026-03-12
STL-5465,TXN-1465,111.19,2026-03-11
STL-5466,TXN-1466,136.9,2026-03-12
STL-5467,TXN-1467,113.38,2026-03-11
STL-5468,TXN-1468,34.12,2026-03-12
STL-5469,TXN-1469,81.97,2026-03-12
STL-5470,TXN-1470,125.42,2026-03-12
STL-5471,TXN-1471,137.54,2026-03-12
STL-5472,TXN-1472,145.27,2026-03-12
STL-5473,TXN-1473,113.25,2026-03-12
STL-5474,TXN-1474,121.61,2026-03-12
STL-5475,TXN-1475,144.62,2026-03-11
STL-5476,TXN-1476,114.35,2026-03-11
STL-5477,TXN-1477,129.72,2026-03-12
STL-5478,TXN-1478,145.25,2026-03-12
STL-5479,TXN-1479,18.09,2026-03-12
STL-5480,TXN-1480,7.02,2026-03-11
STL-5481,TXN-1481,70.94,2026-03-12
STL-5482,TXN-1482,89.76,2026-03-12
STL-5483,TXN-1483,20.71,2026-03-11
STL-5484,TXN-1484,73.36,2026-03-12
STL-5485,TXN-1485,137.71,2026-03-11
STL-5486,TXN-1486,98.91,2026-03-12
STL-5487,TXN-1487,136.86,2026-03-12
STL-5488,TXN-1488,99.14,2026-03-11
STL-5489,TXN-1489,25.27,2026-03-11
STL-5490,TXN-1490,49.13,2026-03-12
STL-5491,TXN-1491,21.84,2026-03-11
STL-5492,TXN-1492,133.65,2026-03-11
STL-5493,TXN-1493,61.35,2026-03-12
STL-5494,TXN-1494,102.22,2026-03-12
STL-5495,TXN-1495,90.16,2026-03-11
STL-5496,TXN-1496,133.38,2026-03-11
STL-5497,TXN-1497,125.89,2026-03-12
STL-5498,TXN-1498,141.16,2026-03-12
STL-5499,TXN-1499,9.74,2026-03-12
STL-5500,TXN-1500,36.5,2026-03-13
STL-5501,TXN-1501,142.83,2026-03-13
STL-5502,TXN-1502,19.41,2026-03-13
STL-5503,TXN-1503,83.95,2026-03-13
STL-5504,TXN-1504,13.78,2026-03-13
STL-5505,TXN-1505,32.52,2026-03-12
STL-5506,TXN-1506,142.61,2026-03-13
STL-5507,TXN-1507,18.29,2026-03-12
STL-5508,TXN-1508,98.05,2026-03-12
STL-5509,TXN-1509,12.33,2026-03-13
STL-5510,TXN-1510,40.32,2026-03-12
STL-5511,TXN-1511,119.11,2026-03-12
STL-5512,TXN-1512,14.95,2026-03-12
STL-5513,TXN-1513,90.03,2026-03-12
STL-5514,TXN-1514,52.64,2026-03-12
STL-5515,TXN-1515,119.35,2026-03-12
STL-5516,TXN-1516,45.2,2026-03-12
STL-5517,TXN-1517,148.19,2026-03-13
STL-5518,TXN-1518,120.78,2026-03-12
STL-5519,TXN-1519,100.85,2026-03-12
STL-5520,TXN-1520,24.11,2026-03-13
STL-5521,TXN-1521,119.55,2026-03-12
STL-5522,TXN-1522,90.38,2026-03-12
STL-5523,TXN-1523,30.27,2026-03-12
STL-5524,TXN-1524,23.38,2026-03-13
STL-5525,TXN-1525,81.28,2026-03-12
STL-5526,TXN-1526,74.06,2026-03-13
STL-5527,TXN-1527,79.42,2026-03-12
STL-5528,TXN-1528,70.54,2026-03-12
STL-5529,TXN-1529,142.09,2026-03-12
STL-5530,TXN-1530,110.45,2026-03-13
STL-5531,TXN-1531,71.42,2026-03-12
STL-5532,TXN-1532,13.82,2026-03-13
STL-5533,TXN-1533,127.86,2026-03-13
STL-5534,TXN-1534,104.48,2026-03-13
STL-5535,TXN-1535,108.3,2026-03-13
STL-5536,TXN-1536,15.66,2026-03-12
STL-5537,TXN-1537,51.71,2026-03-12
STL-5538,TXN-1538,14.52,2026-03-13
STL-5539,TXN-1539,95.53,2026-03-13
STL-5540,TXN-1540,60.23,2026-03-13
STL-5541,TXN-1541,70.79,2026-03-13
STL-5542,TXN-1542,19.38,2026-03-12
STL-5543,TXN-1543,128.65,2026-03-12
STL-5544,TXN-1544,67.36,2026-03-12
STL-5545,TXN-1545,65.0,2026-03-13
STL-5546,TXN-1546,62.82,2026-03-12
STL-5547,TXN-1547,50.32,2026-03-13
STL-5548,TXN-1548,101.44,2026-03-13
STL-5549,TXN-1549,143.27,2026-03-13
STL-5550,TXN-1550,14.73,2026-03-13
STL-5551,TXN-1551,18.52,2026-03-13
STL-5552,TXN-1552,112.97,2026-03-14
STL-5553,TXN-1553,122.71,2026-03-13
STL-5554,TXN-1554,90.04,2026-03-14
STL-5555,TXN-1555,102.15,2026-03-14
STL-5556,TXN-1556,56.27,2026-03-14
STL-5557,TXN-1557,130.87,2026-03-13
STL-5558,TXN-1558,145.42,2026-03-14
STL-5559,TXN-1559,55.99,2026-03-13
STL-5560,TXN-1560,27.44,2026-03-14
STL-5561,TXN-1561,37.52,2026-03-13
STL-5562,TXN-1562,55.77,2026-03-14
STL-5563,TXN-1563,21.66,2026-03-14
STL-5564,TXN-1564,88.24,2026-03-14
STL-5565,TXN-1565,127.55,2026-03-13
STL-5566,TXN-1566,93.3,2026-03-14
STL-5567,TXN-1567,9.2,2026-03-14
STL-5568,TXN-1568,106.89,2026-03-14
STL-5569,TXN-1569,138.62,2026-03-14
STL-5570,TXN-1570,5.89,2026-03-13
STL-5571,TXN-1571,87.12,2026-03-14
STL-5572,TXN-1572,15.09,2026-03-13
STL-5573,TXN-1573,18.3,2026-03-13
STL-5574,TXN-1574,59.55,2026-03-14
STL-5575,TXN-1575,54.43,2026-03-14
STL-5576,TXN-1576,50.19,2026-03-14
STL-5577,TXN-1577,117.64,2026-03-13
STL-5578,TXN-1578,133.08,2026-03-13
STL-5579,TXN-1579,27.82,2026-03-13
STL-5580,TXN-1580,102.73,2026-03-14
STL-5581,TXN-1581,69.25,2026-03-14
STL-5582,TXN-1582,75.42,2026-03-14
STL-5583,TXN-1583,65.06,2026-03-13
STL-5584,TXN-1584,114.47,2026-03-13
STL-5585,TXN-1585,55.05,2026-03-13
STL-5586,TXN-1586,46.07,2026-03-14
STL-5587,TXN-1587,81.41,2026-03-14
STL-5588,TXN-1588,11.59,2026-03-14
STL-5589,TXN-1589,147.74,2026-03-13
STL-5590,TXN-1590,6.11,2026-03-14
STL-5591,TXN-1591,142.07,2026-03-13
STL-5592,TXN-1592,115.8,2026-03-14
STL-5593,TXN-1593,52.58,2026-03-13
STL-5594,TXN-1594,77.12,2026-03-14
STL-5595,TXN-1595,30.48,2026-03-14
STL-5596,TXN-1596,82.22,2026-03-13
STL-5597,TXN-1597,77.54,2026-03-14
STL-5598,TXN-1598,15.45,2026-03-13
STL-5599,TXN-1599,68.25,2026-03-14
STL-5600,TXN-1600,138.57,2026-03-15
STL-5601,TXN-1601,88.49,2026-03-15
STL-5602,TXN-1602,107.88,2026-03-15
STL-5603,TXN-1603,46.98,2026-03-15
STL-5604,TXN-1604,8.02,2026-03-15
STL-5605,TXN-1605,29.92,2026-03-15
STL-5606,TXN-1606,125.64,2026-03-15
STL-5607,TXN-1607,17.78,2026-03-14
STL-5608,TXN-1608,40.28,2026-03-15
STL-5609,TXN-1609,80.97,2026-03-15
STL-5610,TXN-1610,131.23,2026-03-15
STL-5611,TXN-1611,37.13,2026-03-14
STL-5612,TXN-1612,16.08,2026-03-14
STL-5613,TXN-1613,81.94,2026-03-14
STL-5614,TXN-1614,136.36,2026-03-15
STL-5615,TXN-1615,55.91,2026-03-14
STL-5616,TXN-1616,39.26,2026-03-14
STL-5617,TXN-1617,42.12,2026-03-14
STL-5618,TXN-1618,92.35,2026-03-14
STL-5619,TXN-1619,30.69,2026-03-15
STL-5620,TXN-1620,72.27,2026-03-15
STL-5621,TXN-1621,103.76,2026-03-15
STL-5622,TXN-1622,130.32,2026-03-15
STL-5623,TXN-1623,26.89,2026-03-14
STL-5624,TXN-1624,72.99,2026-03-15
STL-5625,TXN-1625,120.47,2026-03-14
STL-5626,TXN-1626,56.03,2026-03-14
STL-5627,TXN-1627,50.01,2026-03-15
STL-5628,TXN-1628,10.45,2026-03-15
STL-5629,TXN-1629,125.6,2026-03-14
STL-5630,TXN-1630,98.48,2026-03-14
STL-5631,TXN-1631,94.18,2026-03-15
STL-5632,TXN-1632,72.09,2026-03-14
STL-5633,TXN-1633,70.21,2026-03-14
STL-5634,TXN-1634,51.62,2026-03-15
STL-5635,TXN-1635,77.7,2026-03-14
STL-5636,TXN-1636,70.33,2026-03-15
STL-5637,TXN-1637,147.45,2026-03-14
STL-5638,TXN-1638,78.16,2026-03-14
STL-5639,TXN-1639,10.68,2026-03-15
STL-5640,TXN-1640,148.69,2026-03-14
STL-5641,TXN-1641,57.77,2026-03-15
STL-5642,TXN-1642,61.18,2026-03-15
STL-5643,TXN-1643,103.44,2026-03-14
STL-5644,TXN-1644,119.44,2026-03-15
STL-5645,TXN-1645,14.56,2026-03-14
STL-5646,TXN-1646,85.9,2026-03-15
STL-5647,TXN-1647,46.2,2026-03-14
STL-5648,TXN-1648,53.34,2026-03-14
STL-5649,TXN-1649,137.93,2026-03-15
STL-5650,TXN-1650,145.32,2026-03-16
STL-5651,TXN-1651,23.7,2026-03-15
STL-5652,TXN-1652,49.89,2026-03-16
STL-5653,TXN-1653,98.31,2026-03-16
STL-5654,TXN-1654,122.91,2026-03-15
STL-5655,TXN-1655,98.67,2026-03-16
STL-5656,TXN-1656,78.73,2026-03-15
STL-5657,TXN-1657,57.58,2026-03-15
STL-5658,TXN-1658,142.92,2026-03-16
STL-5659,TXN-1659,142.41,2026-03-16
STL-5660,TXN-1660,32.84,2026-03-15
STL-5661,TXN-1661,27.47,2026-03-16
STL-5662,TXN-1662,127.44,2026-03-15
STL-5663,TXN-1663,78.62,2026-03-15
STL-5664,TXN-1664,100.98,2026-03-15
STL-5665,TXN-1665,91.6,2026-03-15
STL-5666,TXN-1666,28.53,2026-03-15
STL-5667,TXN-1667,109.57,2026-03-15
STL-5668,TXN-1668,64.57,2026-03-15
STL-5669,TXN-1669,145.59,2026-03-16
STL-5670,TXN-1670,114.1,2026-03-16
STL-5671,TXN-1671,38.93,2026-03-15
STL-5672,TXN-1672,49.87,2026-03-16
STL-5673,TXN-1673,136.08,2026-03-15
STL-5674,TXN-1674,58.34,2026-03-16
STL-5675,TXN-1675,71.94,2026-03-16
STL-5676,TXN-1676,117.83,2026-03-16
STL-5677,TXN-1677,145.11,2026-03-15
STL-5678,TXN-1678,121.18,2026-03-15
STL-5679,TXN-1679,131.59,2026-03-15
STL-5680,TXN-1680,97.97,2026-03-16
STL-5681,TXN-1681,85.41,2026-03-15
STL-5682,TXN-1682,108.15,2026-03-15
STL-5683,TXN-1683,46.33,2026-03-15
STL-5684,TXN-1684,44.55,2026-03-15
STL-5685,TXN-1685,125.5,2026-03-15
STL-5686,TXN-1686,142.23,2026-03-15
STL-5687,TXN-1687,123.42,2026-03-16
STL-5688,TXN-1688,139.92,2026-03-16
STL-5689,TXN-1689,12.72,2026-03-16
STL-5690,TXN-1690,39.19,2026-03-15
STL-5691,TXN-1691,59.36,2026-03-15
STL-5692,TXN-1692,51.21,2026-03-15
STL-5693,TXN-1693,126.68,2026-03-16
STL-5694,TXN-1694,119.75,2026-03-15
STL-5695,TXN-1695,10.55,2026-03-16
STL-5696,TXN-1696,105.93,2026-03-15
STL-5697,TXN-1697,115.03,2026-03-16
STL-5698,TXN-1698,70.05,2026-03-15
STL-5699,TXN-1699,136.35,2026-03-15
STL-5700,TXN-1700,42.11,2026-03-16
STL-5701,TXN-1701,84.58,2026-03-17
STL-5702,TXN-1702,21.12,2026-03-17
STL-5703,TXN-1703,39.46,2026-03-16
STL-5704,TXN-1704,11.92,2026-03-17
STL-5705,TXN-1705,97.65,2026-03-17
STL-5706,TXN-1706,14.11,2026-03-17
STL-5707,TXN-1707,91.53,2026-03-16
STL-5708,TXN-1708,96.63,2026-03-16
STL-5709,TXN-1709,109.19,2026-03-17
STL-5710,TXN-1710,67.24,2026-03-17
STL-5711,TXN-1711,39.88,2026-03-17
STL-5712,TXN-1712,32.16,2026-03-16
STL-5713,TXN-1713,80.91,2026-03-17
STL-5714,TXN-1714,14.81,2026-03-16
STL-5715,TXN-1715,61.62,2026-03-17
STL-5716,TXN-1716,11.31,2026-03-17
STL-5717,TXN-1717,147.25,2026-03-17
STL-5718,TXN-1718,113.36,2026-03-17
STL-5719,TXN-1719,119.34,2026-03-17
STL-5720,TXN-1720,39.96,2026-03-16
STL-5721,TXN-1721,116.87,2026-03-17
STL-5722,TXN-1722,24.34,2026-03-17
STL-5723,TXN-1723,84.17,2026-03-16
STL-5724,TXN-1724,125.41,2026-03-17
STL-5725,TXN-1725,147.22,2026-03-17
STL-5726,TXN-1726,96.6,2026-03-16
STL-5727,TXN-1727,14.15,2026-03-17
STL-5728,TXN-1728,10.36,2026-03-16
STL-5729,TXN-1729,11.35,2026-03-16
STL-5730,TXN-1730,133.44,2026-03-17
STL-5731,TXN-1731,140.34,2026-03-17
STL-5732,TXN-1732,148.42,2026-03-17
STL-5733,TXN-1733,41.73,2026-03-16
STL-5734,TXN-1734,46.49,2026-03-16
STL-5735,TXN-1735,130.54,2026-03-17
STL-5736,TXN-1736,44.62,2026-03-17
STL-5737,TXN-1737,68.36,2026-03-17
STL-5738,TXN-1738,112.78,2026-03-17
STL-5739,TXN-1739,54.16,2026-03-16
STL-5740,TXN-1740,76.95,2026-03-17
STL-5741,TXN-1741,58.27,2026-03-17
STL-5742,TXN-1742,121.17,2026-03-17
STL-5743,TXN-1743,16.44,2026-03-16
STL-5744,TXN-1744,84.09,2026-03-17
STL-5745,TXN-1745,19.88,2026-03-17
STL-5746,TXN-1746,100.83,2026-03-17
STL-5747,TXN-1747,69.66,2026-03-17
STL-5748,TXN-1748,29.16,2026-03-17
STL-5749,TXN-1749,55.97,2026-03-16
STL-5750,TXN-1750,110.39,2026-03-18
STL-5751,TXN-1751,94.15,2026-03-18
STL-5752,TXN-1752,44.81,2026-03-17
STL-5753,TXN-1753,15.88,2026-03-18
STL-5754,TXN-1754,57.68,2026-03-17
STL-5755,TXN-1755,143.15,2026-03-17
STL-5756,TXN-1756,128.06,2026-03-18
STL-5757,TXN-1757,10.05,2026-03-17
STL-5758,TXN-1758,39.22,2026-03-18
STL-5759,TXN-1759,57.51,2026-03-17
STL-5760,TXN-1760,92.74,2026-03-18
STL-5761,TXN-1761,142.58,2026-03-18
STL-5762,TXN-1762,69.37,2026-03-17
STL-5763,TXN-1763,88.22,2026-03-18
STL-5764,TXN-1764,62.71,2026-03-18
STL-5765,TXN-1765,41.19,2026-03-17
STL-5766,TXN-1766,8.76,2026-03-17
STL-5767,TXN-1767,77.36,2026-03-18
STL-5768,TXN-1768,137.46,2026-03-17
STL-5769,TXN-1769,42.96,2026-03-18
STL-5770,TXN-1770,107.09,2026-03-17
STL-5771,TXN-1771,149.47,2026-03-18
STL-5772,TXN-1772,105.63,2026-03-18
STL-5773,TXN-1773,34.03,2026-03-17
STL-5774,TXN-1774,128.66,2026-03-18
STL-5775,TXN-1775,30.04,2026-03-18
STL-5776,TXN-1776,149.6,2026-03-18
STL-5777,TXN-1777,101.84,2026-03-17
STL-5778,TXN-1778,84.75,2026-03-18
STL-5779,TXN-1779,134.24,2026-03-17
STL-5780,TXN-1780,108.21,2026-03-17
STL-5781,TXN-1781,120.09,2026-03-17
STL-5782,TXN-1782,22.6,2026-03-17
STL-5783,TXN-1783,119.85,2026-03-17
STL-5784,TXN-1784,119.6,2026-03-17
STL-5785,TXN-1785,57.33,2026-03-18
STL-5786,TXN-1786,72.77,2026-03-17
STL-5787,TXN-1787,93.73,2026-03-17
STL-5788,TXN-1788,14.53,2026-03-18
STL-5789,TXN-1789,149.94,2026-03-18
STL-5790,TXN-1790,81.23,2026-03-18
STL-5791,TXN-1791,124.38,2026-03-17
STL-5792,TXN-1792,23.17,2026-03-18
STL-5793,TXN-1793,98.14,2026-03-18
STL-5794,TXN-1794,72.55,2026-03-18
STL-5795,TXN-1795,23.61,2026-03-17
STL-5796,TXN-1796,116.33,2026-03-17
STL-5797,TXN-1797,67.73,2026-03-17
STL-5798,TXN-1798,125.55,2026-03-17
STL-5799,TXN-1799,49.1,2026-03-17
STL-5800,TXN-1800,51.79,2026-03-18
STL-5801,TXN-1801,55.17,2026-03-19
STL-5802,TXN-1802,127.66,2026-03-19
STL-5803,TXN-1803,33.46,2026-03-19
STL-5804,TXN-1804,23.15,2026-03-19
STL-5805,TXN-1805,94.09,2026-03-18
STL-5806,TXN-1806,77.87,2026-03-18
STL-5807,TXN-1807,90.81,2026-03-18
STL-5808,TXN-1808,29.82,2026-03-19
STL-5809,TXN-1809,127.17,2026-03-18
STL-5810,TXN-1810,124.66,2026-03-18
STL-5811,TXN-1811,16.78,2026-03-19
STL-5812,TXN-1812,99.41,2026-03-19
STL-5813,TXN-1813,94.63,2026-03-18
STL-5814,TXN-1814,77.22,2026-03-19
STL-5815,TXN-1815,98.08,2026-03-19
STL-5816,TXN-1816,75.03,2026-03-19
STL-5817,TXN-1817,48.13,2026-03-18
STL-5818,TXN-1818,104.85,2026-03-18
STL-5819,TXN-1819,68.74,2026-03-19
STL-5820,TXN-1820,72.34,2026-03-19
STL-5821,TXN-1821,92.97,2026-03-19
STL-5822,TXN-1822,129.92,2026-03-19
STL-5823,TXN-1823,111.46,2026-03-19
STL-5824,TXN-1824,146.43,2026-03-18
STL-5825,TXN-1825,115.3,2026-03-18
STL-5826,TXN-1826,51.27,2026-03-19
STL-5827,TXN-1827,22.77,2026-03-19
STL-5828,TXN-1828,40.95,2026-03-18
STL-5829,TXN-1829,12.34,2026-03-19
STL-5830,TXN-1830,130.3,2026-03-19
STL-5831,TXN-1831,41.0,2026-03-18
STL-5832,TXN-1832,122.95,2026-03-19
STL-5833,TXN-1833,32.53,2026-03-18
STL-5834,TXN-1834,77.25,2026-03-19
STL-5835,TXN-1835,77.32,2026-03-19
STL-5836,TXN-1836,77.12,2026-03-18
STL-5837,TXN-1837,142.06,2026-03-19
STL-5838,TXN-1838,145.17,2026-03-18
STL-5839,TXN-1839,89.58,2026-03-18
STL-5840,TXN-1840,12.33,2026-03-19
STL-5841,TXN-1841,91.64,2026-03-19
STL-5842,TXN-1842,46.43,2026-03-18
STL-5843,TXN-1843,127.84,2026-03-19
STL-5844,TXN-1844,24.42,2026-03-19
STL-5845,TXN-1845,110.49,2026-03-19
STL-5846,TXN-1846,58.06,2026-03-19
STL-5847,TXN-1847,12.42,2026-03-18
STL-5848,TXN-1848,57.57,2026-03-19
STL-5849,TXN-1849,15.66,2026-03-19
STL-5850,TXN-1850,115.84,2026-03-20
STL-5851,TXN-1851,124.67,2026-03-19
STL-5852,TXN-1852,23.66,2026-03-19
STL-5853,TXN-1853,62.12,2026-03-20
STL-5854,TXN-1854,85.89,2026-03-20
STL-5855,TXN-1855,114.47,2026-03-19
STL-5856,TXN-1856,92.36,2026-03-20
STL-5857,TXN-1857,77.51,2026-03-19
STL-5858,TXN-1858,10.64,2026-03-20
STL-5859,TXN-1859,121.58,2026-03-20
STL-5860,TXN-1860,26.6,2026-03-19
STL-5861,TXN-1861,52.56,2026-03-20
STL-5862,TXN-1862,28.56,2026-03-20
STL-5863,TXN-1863,91.09,2026-03-20
STL-5864,TXN-1864,107.77,2026-03-20
STL-5865,TXN-1865,73.86,2026-03-19
STL-5866,TXN-1866,58.41,2026-03-19
STL-5867,TXN-1867,147.09,2026-03-20
STL-5868,TXN-1868,120.53,2026-03-19
STL-5869,TXN-1869,91.55,2026-03-20
STL-5870,TXN-1870,145.23,2026-03-19
STL-5871,TXN-1871,109.6,2026-03-20
STL-5872,TXN-1872,29.72,2026-03-20
STL-5873,TXN-1873,26.43,2026-03-19
STL-5874,TXN-1874,9.58,2026-03-19
STL-5875,TXN-1875,32.66,2026-03-20
STL-5876,TXN-1876,50.49,2026-03-19
STL-5877,TXN-1877,64.88,2026-03-19
STL-5878,TXN-1878,64.5,2026-03-20
STL-5879,TXN-1879,131.56,2026-03-19
STL-5880,TXN-1880,107.34,2026-03-19
STL-5881,TXN-1881,86.33,2026-03-20
STL-5882,TXN-1882,81.19,2026-03-20
STL-5883,TXN-1883,143.72,2026-03-20
STL-5884,TXN-1884,137.26,2026-03-20
STL-5885,TXN-1885,84.21,2026-03-20
STL-5886,TXN-1886,93.46,2026-03-19
STL-5887,TXN-1887,143.81,2026-03-20
STL-5888,TXN-1888,85.92,2026-03-19
STL-5889,TXN-1889,141.52,2026-03-20
STL-5890,TXN-1890,116.82,2026-03-19
STL-5891,TXN-1891,105.08,2026-03-20
STL-5892,TXN-1892,50.97,2026-03-20
STL-5893,TXN-1893,86.27,2026-03-20
STL-5894,TXN-1894,46.73,2026-03-20
STL-5895,TXN-1895,134.89,2026-03-20
STL-5896,TXN-1896,123.66,2026-03-19
STL-5897,TXN-1897,47.12,2026-03-20
STL-5898,TXN-1898,143.52,2026-03-19
STL-5899,TXN-1899,55.22,2026-03-20
STL-5900,TXN-1900,100.12,2026-03-21
STL-5901,TXN-1901,36.03,2026-03-21
STL-5902,TXN-1902,140.29,2026-03-21
STL-5903,TXN-1903,24.9,2026-03-20
STL-5904,TXN-1904,40.16,2026-03-20
STL-5905,TXN-1905,97.5,2026-03-20
STL-5906,TXN-1906,19.53,2026-03-21
STL-5907,TXN-1907,109.02,2026-03-20
STL-5908,TXN-1908,103.77,2026-03-20
STL-5909,TXN-1909,5.75,2026-03-20
STL-5910,TXN-1910,64.0,2026-03-21
STL-5911,TXN-1911,74.23,2026-03-20
STL-5912,TXN-1912,114.61,2026-03-21
STL-5913,TXN-1913,51.57,2026-03-20
STL-5914,TXN-1914,136.65,2026-03-20
STL-5915,TXN-1915,99.58,2026-03-20
STL-5916,TXN-1916,82.6,2026-03-20
STL-5917,TXN-1917,137.42,2026-03-20
STL-5918,TXN-1918,65.59,2026-03-20
STL-5919,TXN-1919,140.42,2026-03-20
STL-5920,TXN-1920,149.59,2026-03-21
STL-5921,TXN-1921,119.25,2026-03-20
STL-5922,TXN-1922,140.81,2026-03-21
STL-5923,TXN-1923,132.13,2026-03-20
STL-5924,TXN-1924,48.27,2026-03-20
STL-5925,TXN-1925,139.63,2026-03-21
STL-5926,TXN-1926,46.26,2026-03-21
STL-5927,TXN-1927,133.94,2026-03-20
STL-5928,TXN-1928,128.4,2026-03-21
STL-5929,TXN-1929,44.56,2026-03-20
STL-5930,TXN-1930,52.95,2026-03-21
STL-5931,TXN-1931,99.0,2026-03-20
STL-5932,TXN-1932,7.04,2026-03-21
STL-5933,TXN-1933,119.66,2026-03-20
STL-5934,TXN-1934,30.45,2026-03-21
STL-5935,TXN-1935,124.91,2026-03-21
STL-5936,TXN-1936,17.58,2026-03-20
STL-5937,TXN-1937,31.79,2026-03-20
STL-5938,TXN-1938,74.23,2026-03-20
STL-5939,TXN-1939,5.99,2026-03-21
STL-5940,TXN-1940,39.15,2026-03-21
STL-5941,TXN-1941,143.34,2026-03-21
STL-5942,TXN-1942,89.46,2026-03-20
STL-5943,TXN-1943,42.93,2026-03-21
STL-5944,TXN-1944,105.45,2026-03-20
STL-5945,TXN-1945,101.83,2026-03-21
STL-5946,TXN-1946,49.49,2026-03-21
STL-5947,TXN-1947,104.48,2026-03-21
STL-5948,TXN-1948,105.09,2026-03-21
STL-5949,TXN-1949,58.29,2026-03-20
STL-5950,TXN-1950,36.77,2026-03-21
STL-5951,TXN-1951,74.34,2026-03-22
STL-5952,TXN-1952,113.42,2026-03-22
STL-5953,TXN-1953,65.3,2026-03-22
STL-5954,TXN-1954,114.82,2026-03-21
STL-5955,TXN-1955,115.47,2026-03-21
STL-5956,TXN-1956,81.2,2026-03-22
STL-5957,TXN-1957,16.32,2026-03-21
STL-5958,TXN-1958,13.95,2026-03-21
STL-5959,TXN-1959,88.04,2026-03-21
STL-5960,TXN-1960,28.86,2026-03-22
STL-5961,TXN-1961,21.85,2026-03-21
STL-5962,TXN-1962,108.95,2026-03-22
STL-5963,TXN-1963,18.19,2026-03-22
STL-5964,TXN-1964,122.26,2026-03-22
STL-5965,TXN-1965,24.13,2026-03-22
STL-5966,TXN-1966,71.24,2026-03-21
STL-5967,TXN-1967,86.03,2026-03-22
STL-5968,TXN-1968,109.88,2026-03-22
STL-5969,TXN-1969,41.9,2026-03-21
STL-5970,TXN-1970,113.14,2026-03-21
STL-5971,TXN-1971,11.57,2026-03-22
STL-5972,TXN-1972,106.56,2026-03-21
STL-5973,TXN-1973,140.51,2026-03-21
STL-5974,TXN-1974,147.99,2026-03-22
STL-5975,TXN-1975,9.6,2026-03-22
STL-5976,TXN-1976,31.1,2026-03-21
STL-5977,TXN-1977,116.05,2026-03-22
STL-5978,TXN-1978,59.3,2026-03-22
STL-5979,TXN-1979,70.04,2026-03-22
STL-5980,TXN-1980,59.47,2026-03-21
STL-5981,TXN-1981,99.76,2026-03-22
STL-5982,TXN-1982,22.2,2026-03-22
STL-5983,TXN-1983,81.68,2026-03-21
STL-5984,TXN-1984,126.05,2026-03-21
STL-5985,TXN-1985,146.88,2026-03-22
STL-5986,TXN-1986,102.66,2026-03-22
STL-5987,TXN-1987,82.13,2026-03-21
STL-5988,TXN-1988,40.89,2026-03-22
STL-5989,TXN-1989,27.49,2026-03-21
STL-5990,TXN-1990,140.92,2026-03-21
STL-5991,TXN-1991,9.67,2026-03-22
STL-5992,TXN-1992,94.16,2026-03-21
STL-5993,TXN-1993,39.9,2026-03-21
STL-5994,TXN-1994,19.63,2026-03-21
STL-5995,TXN-1995,69.73,2026-03-21
STL-5996,TXN-1996,40.49,2026-03-21
STL-5997,TXN-1997,63.33,2026-03-21
STL-5998,TXN-1998,83.27,2026-03-21
STL-5999,TXN-1999,25.32,2026-03-22
STL-6000,TXN-2000,38.95,2026-03-23
STL-6001,TXN-2001,88.73,2026-03-23
STL-6002,TXN-2002,39.35,2026-03-22
STL-6003,TXN-2003,147.93,2026-03-22
STL-6004,TXN-2004,64.97,2026-03-23
STL-6005,TXN-2005,13.84,2026-03-22
STL-6006,TXN-2006,95.77,2026-03-23
STL-6007,TXN-2007,85.6,2026-03-22
STL-6008,TXN-2008,145.98,2026-03-23
STL-6009,TXN-2009,118.94,2026-03-23
STL-6010,TXN-2010,105.96,2026-03-23
STL-6011,TXN-2011,26.64,2026-03-23
STL-6012,TXN-2012,31.66,2026-03-23
STL-6013,TXN-2013,39.94,2026-03-22
STL-6014,TXN-2014,48.61,2026-03-22
STL-6015,TXN-2015,121.84,2026-03-22
STL-6016,TXN-2016,86.55,2026-03-23
STL-6017,TXN-2017,85.81,2026-03-22
STL-6018,TXN-2018,61.32,2026-03-23
STL-6019,TXN-2019,34.48,2026-03-22
STL-6020,TXN-2020,138.72,2026-03-23
STL-6021,TXN-2021,18.41,2026-03-22
STL-6022,TXN-2022,12.47,2026-03-23
STL-6023,TXN-2023,102.68,2026-03-22
STL-6024,TXN-2024,131.67,2026-03-22
STL-6025,TXN-2025,121.67,2026-03-22
STL-6026,TXN-2026,74.51,2026-03-23
STL-6027,TXN-2027,48.96,2026-03-22
STL-6028,TXN-2028,35.71,2026-03-22
STL-6029,TXN-2029,144.5,2026-03-22
STL-6030,TXN-2030,113.3,2026-03-23
STL-6031,TXN-2031,137.59,2026-03-22
STL-6032,TXN-2032,62.51,2026-03-22
STL-6033,TXN-2033,85.05,2026-03-23
STL-6034,TXN-2034,60.2,2026-03-23
STL-6035,TXN-2035,49.72,2026-03-23
STL-6036,TXN-2036,79.36,2026-03-23
STL-6037,TXN-2037,72.57,2026-03-23
STL-6038,TXN-2038,115.44,2026-03-23
STL-6039,TXN-2039,137.58,2026-03-23
STL-6040,TXN-2040,50.37,2026-03-22
STL-6041,TXN-2041,86.57,2026-03-22
STL-6042,TXN-2042,112.48,2026-03-22
STL-6043,TXN-2043,42.81,2026-03-23
STL-6044,TXN-2044,47.8,2026-03-22
STL-6045,TXN-2045,52.83,2026-03-23
STL-6046,TXN-2046,87.62,2026-03-22
STL-6047,TXN-2047,77.4,2026-03-23
STL-6048,TXN-2048,42.31,2026-03-23
STL-6049,TXN-2049,145.14,2026-03-23
STL-6050,TXN-2050,71.82,2026-03-24
STL-6051,TXN-2051,29.54,2026-03-24
STL-6052,TXN-2052,31.69,2026-03-23
STL-6053,TXN-2053,80.97,2026-03-23
STL-6054,TXN-2054,142.05,2026-03-23
STL-6055,TXN-2055,115.83,2026-03-24
STL-6056,TXN-2056,24.94,2026-03-23
STL-6057,TXN-2057,14.86,2026-03-23
STL-6058,TXN-2058,6.33,2026-03-24
STL-6059,TXN-2059,59.11,2026-03-24
STL-6060,TXN-2060,100.6,2026-03-23
STL-6061,TXN-2061,5.96,2026-03-24
STL-6062,TXN-2062,6.72,2026-03-24
STL-6063,TXN-2063,82.68,2026-03-24
STL-6064,TXN-2064,7.49,2026-03-24
STL-6065,TXN-2065,121.89,2026-03-23
STL-6066,TXN-2066,20.52,2026-03-23
STL-6067,TXN-2067,81.04,2026-03-23
STL-6068,TXN-2068,32.83,2026-03-24
STL-6069,TXN-2069,123.21,2026-03-24
STL-6070,TXN-2070,120.27,2026-03-23
STL-6071,TXN-2071,59.09,2026-03-24
STL-6072,TXN-2072,71.55,2026-03-23
STL-6073,TXN-2073,148.58,2026-03-23
STL-6074,TXN-2074,48.5,2026-03-23
STL-6075,TXN-2075,99.79,2026-03-23
STL-6076,TXN-2076,18.56,2026-03-24
STL-6077,TXN-2077,59.69,2026-03-24
STL-6078,TXN-2078,13.14,2026-03-23
STL-6079,TXN-2079,106.91,2026-03-23
STL-6080,TXN-2080,77.48,2026-03-24
STL-6081,TXN-2081,98.51,2026-03-24
STL-6082,TXN-2082,87.05,2026-03-23
STL-6083,TXN-2083,134.74,2026-03-23
STL-6084,TXN-2084,38.32,2026-03-24
STL-6085,TXN-2085,44.31,2026-03-23
STL-6086,TXN-2086,104.24,2026-03-24
STL-6087,TXN-2087,135.4,2026-03-23
STL-6088,TXN-2088,31.01,2026-03-24
STL-6089,TXN-2089,7.27,2026-03-23
STL-6090,TXN-2090,90.12,2026-03-24
STL-6091,TXN-2091,139.69,2026-03-24
STL-6092,TXN-2092,28.56,2026-03-23
STL-6093,TXN-2093,87.17,2026-03-24
STL-6094,TXN-2094,103.17,2026-03-24
STL-6095,TXN-2095,60.66,2026-03-23
STL-6096,TXN-2096,119.62,2026-03-23
STL-6097,TXN-2097,77.61,2026-03-24
STL-6098,TXN-2098,12.79,2026-03-24
STL-6099,TXN-2099,38.66,2026-03-23
STL-6100,TXN-2100,54.39,2026-03-25
STL-6101,TXN-2101,145.49,2026-03-25
STL-6102,TXN-2102,9.3,2026-03-25
STL-6103,TXN-2103,118.61,2026-03-25
STL-6104,TXN-2104,76.14,2026-03-25
STL-6105,TXN-2105,85.19,2026-03-25
STL-6106,TXN-2106,67.62,2026-03-25
STL-6107,TXN-2107,17.43,2026-03-25
STL-6108,TXN-2108,120.72,2026-03-24
STL-6109,TXN-2109,16.9,2026-03-24
STL-6110,TXN-2110,60.1,2026-03-24
STL-6111,TXN-2111,112.25,2026-03-25
STL-6112,TXN-2112,57.3,2026-03-24
STL-6113,TXN-2113,5.75,2026-03-25
STL-6114,TXN-2114,69.49,2026-03-25
STL-6115,TXN-2115,19.82,2026-03-24
STL-6116,TXN-2116,32.17,2026-03-25
STL-6117,TXN-2117,85.76,2026-03-25
STL-6118,TXN-2118,19.98,2026-03-24
STL-6119,TXN-2119,56.32,2026-03-24
STL-6120,TXN-2120,91.55,2026-03-25
STL-6121,TXN-2121,130.24,2026-03-24
STL-6122,TXN-2122,47.32,2026-03-25
STL-6123,TXN-2123,117.98,2026-03-24
STL-6124,TXN-2124,87.93,2026-03-24
STL-6125,TXN-2125,104.37,2026-03-24
STL-6126,TXN-2126,25.13,2026-03-25
STL-6127,TXN-2127,43.92,2026-03-24
STL-6128,TXN-2128,14.17,2026-03-25
STL-6129,TXN-2129,45.01,2026-03-25
STL-6130,TXN-2130,75.21,2026-03-24
STL-6131,TXN-2131,57.36,2026-03-24
STL-6132,TXN-2132,109.53,2026-03-25
STL-6133,TXN-2133,91.1,2026-03-24
STL-6134,TXN-2134,71.39,2026-03-24
STL-6135,TXN-2135,49.18,2026-03-25
STL-6136,TXN-2136,53.17,2026-03-25
STL-6137,TXN-2137,121.59,2026-03-25
STL-6138,TXN-2138,68.83,2026-03-25
STL-6139,TXN-2139,123.24,2026-03-24
STL-6140,TXN-2140,48.56,2026-03-24
STL-6141,TXN-2141,74.46,2026-03-24
STL-6142,TXN-2142,144.86,2026-03-25
STL-6143,TXN-2143,47.26,2026-03-25
STL-6144,TXN-2144,145.33,2026-03-24
STL-6145,TXN-2145,52.25,2026-03-25
STL-6146,TXN-2146,123.39,2026-03-25
STL-6147,TXN-2147,57.93,2026-03-24
STL-6148,TXN-2148,90.87,2026-03-24
STL-6149,TXN-2149,103.85,2026-03-24
STL-6150,TXN-2150,143.19,2026-03-26
STL-6151,TXN-2151,141.73,2026-03-25
STL-6152,TXN-2152,68.58,2026-03-26
STL-6153,TXN-2153,125.54,2026-03-25
STL-6154,TXN-2154,123.75,2026-03-26
STL-6155,TXN-2155,102.58,2026-03-25
STL-6156,TXN-2156,96.83,2026-03-25
STL-6157,TXN-2157,41.64,2026-03-25
STL-6158,TXN-2158,108.71,2026-03-26
STL-6159,TXN-2159,15.72,2026-03-26
STL-6160,TXN-2160,89.43,2026-03-26
STL-6161,TXN-2161,83.83,2026-03-26
STL-6162,TXN-2162,106.74,2026-03-25
STL-6163,TXN-2163,20.86,2026-03-25
STL-6164,TXN-2164,100.35,2026-03-26
STL-6165,TXN-2165,29.12,2026-03-25
STL-6166,TXN-2166,86.67,2026-03-26
STL-6167,TXN-2167,145.19,2026-03-26
STL-6168,TXN-2168,145.03,2026-03-26
STL-6169,TXN-2169,20.36,2026-03-25
STL-6170,TXN-2170,42.52,2026-03-25
STL-6171,TXN-2171,69.64,2026-03-26
STL-6172,TXN-2172,72.14,2026-03-25
STL-6173,TXN-2173,55.02,2026-03-25
STL-6174,TXN-2174,75.0,2026-03-26
STL-6175,TXN-2175,65.32,2026-03-25
STL-6176,TXN-2176,21.83,2026-03-25
STL-6177,TXN-2177,55.51,2026-03-26
STL-6178,TXN-2178,71.02,2026-03-25
STL-6179,TXN-2179,80.56,2026-03-26
STL-6180,TXN-2180,74.04,2026-03-26
STL-6181,TXN-2181,109.69,2026-03-26
STL-6182,TXN-2182,51.24,2026-03-26
STL-6183,TXN-2183,11.48,2026-03-25
STL-6184,TXN-2184,8.27,2026-03-26
STL-6185,TXN-2185,98.96,2026-03-25
STL-6186,TXN-2186,139.84,2026-03-25
STL-6187,TXN-2187,79.82,2026-03-25
STL-6188,TXN-2188,52.99,2026-03-26
STL-6189,TXN-2189,143.98,2026-03-25
STL-6190,TXN-2190,120.67,2026-03-25
STL-6191,TXN-2191,32.03,2026-03-26
STL-6192,TXN-2192,62.36,2026-03-25
STL-6193,TXN-2193,70.19,2026-03-26
STL-6194,TXN-2194,61.38,2026-03-25
STL-6195,TXN-2195,34.84,2026-03-25
STL-6196,TXN-2196,88.72,2026-03-25
STL-6197,TXN-2197,58.04,2026-03-25
STL-6198,TXN-2198,71.34,2026-03-26
STL-6199,TXN-2199,102.25,2026-03-26
STL-6200,TXN-2200,81.52,2026-03-27
STL-6201,TXN-2201,91.56,2026-03-27
STL-6202,TXN-2202,90.12,2026-03-27
STL-6203,TXN-2203,56.04,2026-03-27
STL-6204,TXN-2204,94.52,2026-03-27
STL-6205,TXN-2205,138.21,2026-03-26
STL-6206,TXN-2206,102.46,2026-03-27
STL-6207,TXN-2207,22.09,2026-03-27
STL-6208,TXN-2208,21.96,2026-03-27
STL-6209,TXN-2209,105.55,2026-03-27
STL-6210,TXN-2210,65.64,2026-03-26
STL-6211,TXN-2211,88.35,2026-03-27
STL-6212,TXN-2212,31.93,2026-03-26
STL-6213,TXN-2213,85.46,2026-03-27
STL-6214,TXN-2214,46.88,2026-03-26
STL-6215,TXN-2215,50.61,2026-03-27
STL-6216,TXN-2216,94.81,2026-03-27
STL-6217,TXN-2217,143.02,2026-03-27
STL-6218,TXN-2218,24.8,2026-03-27
STL-6219,TXN-2219,144.76,2026-03-27
STL-6220,TXN-2220,64.32,2026-03-27
STL-6221,TXN-2221,65.27,2026-03-27
STL-6222,TXN-2222,75.86,2026-03-26
STL-6223,TXN-2223,86.98,2026-03-26
STL-6224,TXN-2224,47.35,2026-03-27
STL-6225,TXN-2225,37.6,2026-03-27
STL-6226,TXN-2226,29.39,2026-03-27
STL-6227,TXN-2227,87.02,2026-03-27
STL-6228,TXN-2228,84.71,2026-03-26
STL-6229,TXN-2229,88.04,2026-03-27
STL-6230,TXN-2230,117.39,2026-03-27
STL-6231,TXN-2231,83.6,2026-03-26
STL-6232,TXN-2232,115.2,2026-03-27
STL-6233,TXN-2233,84.22,2026-03-27
STL-6234,TXN-2234,19.85,2026-03-26
STL-6235,TXN-2235,48.17,2026-03-26
STL-6236,TXN-2236,70.21,2026-03-27
STL-6237,TXN-2237,130.02,2026-03-26
STL-6238,TXN-2238,68.67,2026-03-26
STL-6239,TXN-2239,117.47,2026-03-26
STL-6240,TXN-2240,35.43,2026-03-27
STL-6241,TXN-2241,129.85,2026-03-27
STL-6242,TXN-2242,29.07,2026-03-26
STL-6243,TXN-2243,118.8,2026-03-26
STL-6244,TXN-2244,121.79,2026-03-27
STL-6245,TXN-2245,82.18,2026-03-26
STL-6246,TXN-2246,51.93,2026-03-27
STL-6247,TXN-2247,46.95,2026-03-27
STL-6248,TXN-2248,143.1,2026-03-26
STL-6249,TXN-2249,24.66,2026-03-27
STL-6250,TXN-2250,138.22,2026-03-28
STL-6251,TXN-2251,130.72,2026-03-27
STL-6252,TXN-2252,106.71,2026-03-27
STL-6253,TXN-2253,41.2,2026-03-28
STL-6254,TXN-2254,125.13,2026-03-28
STL-6255,TXN-2255,75.97,2026-03-28
STL-6256,TXN-2256,96.03,2026-03-28
STL-6257,TXN-2257,70.54,2026-03-27
STL-6258,TXN-2258,63.41,2026-03-28
STL-6259,TXN-2259,105.73,2026-03-28
STL-6260,TXN-2260,70.93,2026-03-28
STL-6261,TXN-2261,52.46,2026-03-27
STL-6262,TXN-2262,130.99,2026-03-27
STL-6263,TXN-2263,110.99,2026-03-28
STL-6264,TXN-2264,97.05,2026-03-28
STL-6265,TXN-2265,128.27,2026-03-28
STL-6266,TXN-2266,36.59,2026-03-28
STL-6267,TXN-2267,124.6,2026-03-28
STL-6268,TXN-2268,43.94,2026-03-28
STL-6269,TXN-2269,53.97,2026-03-27
STL-6270,TXN-2270,87.09,2026-03-28
STL-6271,TXN-2271,119.3,2026-03-27
STL-6272,TXN-2272,11.66,2026-03-28
STL-6273,TXN-2273,7.36,2026-03-27
STL-6274,TXN-2274,68.99,2026-03-27
STL-6275,TXN-2275,148.82,2026-03-28
STL-6276,TXN-2276,34.34,2026-03-27
STL-6277,TXN-2277,132.91,2026-03-28
STL-6278,TXN-2278,28.05,2026-03-28
STL-6279,TXN-2279,18.53,2026-03-28
STL-6280,TXN-2280,41.31,2026-03-28
STL-6281,TXN-2281,101.35,2026-03-27
STL-6282,TXN-2282,12.51,2026-03-28
STL-6283,TXN-2283,110.27,2026-03-27
STL-6284,TXN-2284,67.24,2026-03-27
STL-6285,TXN-2285,107.04,2026-03-27
STL-6286,TXN-2286,35.95,2026-03-27
STL-6287,TXN-2287,24.24,2026-03-27
STL-6288,TXN-2288,80.32,2026-03-28
STL-6289,TXN-2289,6.35,2026-03-28
STL-6290,TXN-2290,123.48,2026-03-28
STL-6291,TXN-2291,105.63,2026-03-28
STL-6292,TXN-2292,15.27,2026-03-28
STL-6293,TXN-2293,17.95,2026-03-27
STL-6294,TXN-2294,19.96,2026-03-28
STL-6295,TXN-2295,132.74,2026-03-27
STL-6296,TXN-2296,60.49,2026-03-27
STL-6297,TXN-2297,98.03,2026-03-27
STL-6298,TXN-2298,14.92,2026-03-27
STL-6299,TXN-2299,93.5,2026-03-27
STL-6300,TXN-2300,68.81,2026-03-28
STL-6301,TXN-2301,96.07,2026-03-28
STL-6302,TXN-2302,138.38,2026-03-29
STL-6303,TXN-2303,129.69,2026-03-28
STL-6304,TXN-2304,135.01,2026-03-28
STL-6305,TXN-2305,114.1,2026-03-29
STL-6306,TXN-2306,55.97,2026-03-29
STL-6307,TXN-2307,50.6,2026-03-28
STL-6308,TXN-2308,40.93,2026-03-28
STL-6309,TXN-2309,40.98,2026-03-29
STL-6310,TXN-2310,117.95,2026-03-28
STL-6311,TXN-2311,127.94,2026-03-29
STL-6312,TXN-2312,34.79,2026-03-28
STL-6313,TXN-2313,113.44,2026-03-29
STL-6314,TXN-2314,98.69,2026-03-28
STL-6315,TXN-2315,76.76,2026-03-28
STL-6316,TXN-2316,39.96,2026-03-28
STL-6317,TXN-2317,81.6,2026-03-28
STL-6318,TXN-2318,148.1,2026-03-29
STL-6319,TXN-2319,24.14,2026-03-29
STL-6320,TXN-2320,57.98,2026-03-28
STL-6321,TXN-2321,115.6,2026-03-28
STL-6322,TXN-2322,7.42,2026-03-28
STL-6323,TXN-2323,7.0,2026-03-28
STL-6324,TXN-2324,10.77,2026-03-28
STL-6325,TXN-2325,142.56,2026-03-29
STL-6326,TXN-2326,78.46,2026-03-29
STL-6327,TXN-2327,66.42,2026-03-29
STL-6328,TXN-2328,16.95,2026-03-28
STL-6329,TXN-2329,45.23,2026-03-29
STL-6330,TXN-2330,16.46,2026-03-28
STL-6331,TXN-2331,146.28,2026-03-28
STL-6332,TXN-2332,82.78,2026-03-29
STL-6333,TXN-2333,90.03,2026-03-28
STL-6334,TXN-2334,49.97,2026-03-29
STL-6335,TXN-2335,110.84,2026-03-28
STL-6336,TXN-2336,13.4,2026-03-28
STL-6337,TXN-2337,139.07,2026-03-28
STL-6338,TXN-2338,70.74,2026-03-28
STL-6339,TXN-2339,49.85,2026-03-28
STL-6340,TXN-2340,22.32,2026-03-28
STL-6341,TXN-2341,106.72,2026-03-28
STL-6342,TXN-2342,76.98,2026-03-29
STL-6343,TXN-2343,80.84,2026-03-29
STL-6344,TXN-2344,29.21,2026-03-28
STL-6345,TXN-2345,113.72,2026-03-29
STL-6346,TXN-2346,111.28,2026-03-28
STL-6347,TXN-2347,116.86,2026-03-28
STL-6348,TXN-2348,53.58,2026-03-29
STL-6349,TXN-2349,44.44,2026-03-28
STL-6350,TXN-2350,43.13,2026-03-29
STL-6351,TXN-2351,76.94,2026-03-30
STL-6352,TXN-2352,13.04,2026-03-29
STL-6353,TXN-2353,58.31,2026-03-30
STL-6354,TXN-2354,117.13,2026-03-29
STL-6355,TXN-2355,38.12,2026-03-29
STL-6356,TXN-2356,11.39,2026-03-29
STL-6357,TXN-2357,40.46,2026-03-30
STL-6358,TXN-2358,57.78,2026-03-29
STL-6359,TXN-2359,30.95,2026-03-29
STL-6360,TXN-2360,85.17,2026-03-30
STL-6361,TXN-2361,37.55,2026-03-29
STL-6362,TXN-2362,65.36,2026-03-30
STL-6363,TXN-2363,44.33,2026-03-29
STL-6364,TXN-2364,87.87,2026-03-29
STL-6365,TXN-2365,77.8,2026-03-29
STL-6366,TXN-2366,31.0,2026-03-29
STL-6367,TXN-2367,143.34,2026-03-29
STL-6368,TXN-2368,132.16,2026-03-30
STL-6369,TXN-2369,117.16,2026-03-30
STL-6370,TXN-2370,52.46,2026-03-30
STL-6371,TXN-2371,6.16,2026-03-29
STL-6372,TXN-2372,47.28,2026-03-30
STL-6373,TXN-2373,112.24,2026-03-29
STL-6374,TXN-2374,72.27,2026-03-30
STL-6375,TXN-2375,149.68,2026-03-29
STL-6376,TXN-2376,111.21,2026-03-29
STL-6377,TXN-2377,26.83,2026-03-30
STL-6378,TXN-2378,8.47,2026-03-30
STL-6379,TXN-2379,97.21,2026-03-29
STL-6380,TXN-2380,142.89,2026-03-29
STL-6381,TXN-2381,115.04,2026-03-30
STL-6382,TXN-2382,128.11,2026-03-30
STL-6383,TXN-2383,20.07,2026-03-29
STL-6384,TXN-2384,65.87,2026-03-29
STL-6385,TXN-2385,146.02,2026-03-29
STL-6386,TXN-2386,108.19,2026-03-29
STL-6387,TXN-2387,11.37,2026-03-29
STL-6388,TXN-2388,135.11,2026-03-30
STL-6389,TXN-2389,106.62,2026-03-30
STL-6390,TXN-2390,71.48,2026-03-29
STL-6391,TXN-2391,89.21,2026-03-29
STL-6392,TXN-2392,97.4,2026-03-30
STL-6393,TXN-2393,15.85,2026-03-29
STL-6394,TXN-2394,68.07,2026-03-29
STL-6395,TXN-2395,39.33,2026-03-30
STL-6396,TXN-2396,128.38,2026-03-30
STL-6397,TXN-2397,106.61,2026-03-30
STL-6398,TXN-2398,51.12,2026-03-30
STL-6399,TXN-2399,38.87,2026-03-29
STL-6400,TXN-2400,24.74,2026-03-30
STL-6401,TXN-2401,27.53,2026-03-30
STL-6402,TXN-2402,70.19,2026-03-31
STL-6403,TXN-2403,63.94,2026-03-31
STL-6404,TXN-2404,144.87,2026-03-30
STL-6405,TXN-2405,70.53,2026-03-31
STL-6406,TXN-2406,43.43,2026-03-30
STL-6407,TXN-2407,18.11,2026-03-31
STL-6408,TXN-2408,124.83,2026-03-30
STL-6409,TXN-2409,36.18,2026-03-31
STL-6410,TXN-2410,26.51,2026-03-30
STL-6411,TXN-2411,145.42,2026-03-31
STL-6412,TXN-2412,79.45,2026-03-31
STL-6413,TXN-2413,42.72,2026-03-30
STL-6414,TXN-2414,9.51,2026-03-31
STL-6415,TXN-2415,128.92,2026-03-30
STL-6416,TXN-2416,18.74,2026-03-30
STL-6417,TXN-2417,121.57,2026-03-30
STL-6418,TXN-2418,22.61,2026-03-30
STL-6419,TXN-2419,125.4,2026-03-30
STL-6420,TXN-2420,23.95,2026-03-31
STL-6421,TXN-2421,58.97,2026-03-30
STL-6422,TXN-2422,89.44,2026-03-31
STL-6423,TXN-2423,138.03,2026-03-30
STL-6424,TXN-2424,8.16,2026-03-30
STL-6425,TXN-2425,33.67,2026-03-31
STL-6426,TXN-2426,122.35,2026-03-30
STL-6427,TXN-2427,136.24,2026-03-31
STL-6428,TXN-2428,22.77,2026-03-31
STL-6429,TXN-2429,12.34,2026-03-31
STL-6430,TXN-2430,124.14,2026-03-31
STL-6431,TXN-2431,76.94,2026-03-31
STL-6432,TXN-2432,104.07,2026-03-30
STL-6433,TXN-2433,56.32,2026-03-30
STL-6434,TXN-2434,44.87,2026-03-31
STL-6435,TXN-2435,133.1,2026-03-30
STL-6436,TXN-2436,94.05,2026-03-30
STL-6437,TXN-2437,98.86,2026-03-31
STL-6438,TXN-2438,64.74,2026-03-31
STL-6439,TXN-2439,13.84,2026-03-31
STL-6440,TXN-2440,60.54,2026-03-31
STL-6441,TXN-2441,33.92,2026-03-30
STL-6442,TXN-2442,96.46,2026-03-30
STL-6443,TXN-2443,148.46,2026-03-31
STL-6444,TXN-2444,74.55,2026-03-31
STL-6445,TXN-2445,54.88,2026-03-31
STL-6446,TXN-2446,61.32,2026-03-30
STL-6447,TXN-2447,8.78,2026-03-30
STL-6448,TXN-2448,9.25,2026-03-31
STL-6449,TXN-2449,13.5,2026-03-31
STL-6450,TXN-2450,81.77,2026-03-31
STL-6451,TXN-2451,146.23,2026-03-31
STL-6452,TXN-2452,40.94,2026-03-31
STL-6453,TXN-2453,43.65,2026-03-31
STL-6454,TXN-2454,115.79,2026-03-31
STL-6455,TXN-2455,88.48,2026-04-01
STL-6456,TXN-2456,56.45,2026-03-31
STL-6457,TXN-2457,30.53,2026-04-01
STL-6458,TXN-2458,121.9,2026-04-01
STL-6459,TXN-2459,137.53,2026-03-31
STL-6460,TXN-2460,107.0,2026-04-01
STL-6461,TXN-2461,142.4,2026-03-31
STL-6462,TXN-2462,86.65,2026-03-31
STL-6463,TXN-2463,126.32,2026-04-01
STL-6464,TXN-2464,83.61,2026-03-31
STL-6465,TXN-2465,76.11,2026-03-31
STL-6466,TXN-2466,13.14,2026-03-31
STL-6467,TXN-2467,7.89,2026-04-01
STL-6468,TXN-2468,5.1,2026-03-31
STL-6469,TXN-2469,121.93,2026-04-01
STL-6470,TXN-2470,108.96,2026-04-01
STL-6471,TXN-2471,13.64,2026-03-31
STL-6472,TXN-2472,90.06,2026-03-31
STL-6473,TXN-2473,117.28,2026-04-01
STL-6474,TXN-2474,144.28,2026-04-01
STL-6475,TXN-2475,107.16,2026-04-01
STL-6476,TXN-2476,89.97,2026-04-01
STL-6477,TXN-2477,48.76,2026-03-31
STL-6478,TXN-2478,146.5,2026-04-01
STL-6479,TXN-2479,119.82,2026-04-01
STL-6480,TXN-2480,99.13,2026-03-31
STL-6481,TXN-2481,107.54,2026-04-01
STL-6482,TXN-2482,37.37,2026-03-31
STL-6483,TXN-2483,59.87,2026-04-01
STL-6484,TXN-2484,23.47,2026-03-31
STL-6485,TXN-2485,142.57,2026-04-01
STL-6486,TXN-2486,128.36,2026-03-31
STL-6487,TXN-2487,31.4,2026-04-01
STL-6488,TXN-2488,138.55,2026-03-31
STL-6489,TXN-2489,97.75,2026-03-31
STL-6490,TXN-2490,140.82,2026-03-31
STL-6491,TXN-2491,53.02,2026-03-31
STL-6492,TXN-2492,39.51,2026-04-01
STL-6493,TXN-2493,29.34,2026-03-31
STL-6494,TXN-2494,124.14,2026-04-01
STL-6495,TXN-2495,69.76,2026-04-01
STL-6496,TXN-2496,35.4,2026-03-31
STL-6497,TXN-2497,55.82,2026-03-31
STL-6498,TXN-2498,109.46,2026-03-31
STL-6499,TXN-2499,60.96,2026-04-01
STL-6500,TXN-LATE,50.0,2026-04-02
STL-UNEXP,TXN-GHOST,100.0,2026-03-20
STL-R-0,TXN-ROUND-0,10.46,2026-03-26
STL-R-1,TXN-ROUND-1,10.46,2026-03-26
STL-R-2,TXN-ROUND-2,10.46,2026-03-26
STL-R-3,TXN-ROUND-3,10.46,2026-03-26
STL-R-4,TXN-ROUND-4,10.46,2026-03-26
STL-R-5,TXN-ROUND-5,10.46,2026-03-26
STL-R-6,TXN-ROUND-6,10.46,2026-03-26
STL-R-7,TXN-ROUND-7,10.46,2026-03-26
STL-R-8,TXN-ROUND-8,10.46,2026-03-26
STL-R-9,TXN-ROUND-9,10.46,2026-03-26
STL-R-10,TXN-ROUND-10,10.46,2026-03-26
STL-R-11,TXN-ROUND-11,10.46,2026-03-26
STL-R-12,TXN-ROUND-12,10.46,2026-03-26
STL-R-13,TXN-ROUND-13,10.46,2026-03-26
STL-R-14,TXN-ROUND-14,10.46,2026-03-26
STL-R-15,TXN-ROUND-15,10.46,2026-03-26
STL-R-16,TXN-ROUND-16,10.46,2026-03-26
STL-R-17,TXN-ROUND-17,10.46,2026-03-26
STL-R-18,TXN-ROUND-18,10.46,2026-03-26
STL-R-19,TXN-ROUND-19,10.46,2026-03-26
STL-R-20,TXN-ROUND-20,10.46,2026-03-26
STL-R-21,TXN-ROUND-21,10.46,2026-03-26
STL-R-22,TXN-ROUND-22,10.46,2026-03-26
STL-R-23,TXN-ROUND-23,10.46,2026-03-26
STL-R-24,TXN-ROUND-24,10.46,2026-03-26
STL-R-25,TXN-ROUND-25,10.46,2026-03-26
STL-R-26,TXN-ROUND-26,10.46,2026-03-26
STL-R-27,TXN-ROUND-27,10.46,2026-03-26
STL-R-28,TXN-ROUND-28,10.46,2026-03-26
STL-R-29,TXN-ROUND-29,10.46,2026-03-26
STL-R-30,TXN-ROUND-30,10.46,2026-03-26
STL-R-31,TXN-ROUND-31,10.46,2026-03-26
STL-R-32,TXN-ROUND-32,10.46,2026-03-26
STL-R-33,TXN-ROUND-33,10.46,2026-03-26
STL-R-34,TXN-ROUND-34,10.46,2026-03-26
STL-R-35,TXN-ROUND-35,10.46,2026-03-26
STL-R-36,TXN-ROUND-36,10.46,2026-03-26
STL-R-37,TXN-ROUND-37,10.46,2026-03-26
STL-R-38,TXN-ROUND-38,10.46,2026-03-26
STL-R-39,TXN-ROUND-39,10.46,2026-03-26
STL-R-40,TXN-ROUND-40,10.46,2026-03-26
STL-R-41,TXN-ROUND-41,10.46,2026-03-26
STL-R-42,TXN-ROUND-42,10.46,2026-03-26
STL-R-43,TXN-ROUND-43,10.46,2026-03-26
STL-R-44,TXN-ROUND-44,10.46,2026-03-26
STL-R-45,TXN-ROUND-45,10.46,2026-03-26
STL-R-46,TXN-ROUND-46,10.46,2026-03-26
STL-R-47,TXN-ROUND-47,10.46,2026-03-26
STL-R-48,TXN-ROUND-48,10.46,2026-03-26
STL-R-49,TXN-ROUND-49,10.46,2026-03-26
STL-R-50,TXN-ROUND-50,10.46,2026-03-26
STL-R-51,TXN-ROUND-51,10.46,2026-03-26
STL-R-52,TXN-ROUND-52,10.46,2026-03-26
STL-R-53,TXN-ROUND-53,10.46,2026-03-26
STL-R-54,TXN-ROUND-54,10.46,2026-03-26
STL-R-55,TXN-ROUND-55,10.46,2026-03-26
STL-R-56,TXN-ROUND-56,10.46,2026-03-26
STL-R-57,TXN-ROUND-57,10.46,2026-03-26
STL-R-58,TXN-ROUND-58,10.46,2026-03-26
STL-R-59,TXN-ROUND-59,10.46,2026-03-26
STL-R-60,TXN-ROUND-60,10.46,2026-03-26
STL-R-61,TXN-ROUND-61,10.46,2026-03-26
STL-R-62,TXN-ROUND-62,10.46,2026-03-26
STL-R-63,TXN-ROUND-63,10.46,2026-03-26
STL-R-64,TXN-ROUND-64,10.46,2026-03-26
STL-R-65,TXN-ROUND-65,10.46,2026-03-26
STL-R-66,TXN-ROUND-66,10.46,2026-03-26
STL-R-67,TXN-ROUND-67,10.46,2026-03-26
STL-R-68,TXN-ROUND-68,10.46,2026-03-26
STL-R-69,TXN-ROUND-69,10.46,2026-03-26
STL-R-70,TXN-ROUND-70,10.46,2026-03-26
STL-R-71,TXN-ROUND-71,10.46,2026-03-26
STL-R-72,TXN-ROUND-72,10.46,2026-03-26
STL-R-73,TXN-ROUND-73,10.46,2026-03-26
STL-R-74,TXN-ROUND-74,10.46,2026-03-26
STL-R-75,TXN-ROUND-75,10.46,2026-03-26
STL-R-76,TXN-ROUND-76,10.46,2026-03-26
STL-R-77,TXN-ROUND-77,10.46,2026-03-26
STL-R-78,TXN-ROUND-78,10.46,2026-03-26
STL-R-79,TXN-ROUND-79,10.46,2026-03-26
STL-R-80,TXN-ROUND-80,10.46,2026-03-26
STL-R-81,TXN-ROUND-81,10.46,2026-03-26
STL-R-82,TXN-ROUND-82,10.46,2026-03-26
STL-R-83,TXN-ROUND-83,10.46,2026-03-26
STL-R-84,TXN-ROUND-84,10.46,2026-03-26
STL-R-85,TXN-ROUND-85,10.46,2026-03-26
STL-R-86,TXN-ROUND-86,10.46,2026-03-26
STL-R-87,TXN-ROUND-87,10.46,2026-03-26
STL-R-88,TXN-ROUND-88,10.46,2026-03-26
STL-R-89,TXN-ROUND-89,10.46,2026-03-26
STL-R-90,TXN-ROUND-90,10.46,2026-03-26
STL-R-91,TXN-ROUND-91,10.46,2026-03-26
STL-R-92,TXN-ROUND-92,10.46,2026-03-26
STL-R-93,TXN-ROUND-93,10.46,2026-03-26
STL-R-94,TXN-ROUND-94,10.46,2026-03-26
STL-R-95,TXN-ROUND-95,10.46,2026-03-26
STL-R-96,TXN-ROUND-96,10.46,2026-03-26
STL-R-97,TXN-ROUND-97,10.46,2026-03-26
STL-R-98,TXN-ROUND-98,10.46,2026-03-26
STL-R-99,TXN-ROUND-99,10.46,2026-03-26
STL-DUP,TXN-1000,97.72,2026-03-03
