transaction_id,amount,date,type,original_transaction_id
TXN-1000,97.72,2026-03-01 00:00:00,payment,
TXN-1001,112.52,2026-03-01 00:00:00,payment,
TXN-1002,37.37,2026-03-01 00:00:00,payment,
TXN-1003,103.12,2026-03-01 00:00:00,payment,
TXN-1004,90.62,2026-03-01 00:00:00,payment,
TXN-1005,9.32,2026-03-01 00:00:00,payment,
TXN-1006,38.74,2026-03-01 00:00:00,payment,
TXN-1007,86.38,2026-03-01 00:00:00,payment,
TXN-1008,36.96,2026-03-01 00:00:00,payment,
TXN-1009,122.37,2026-03-01 00:00:00,payment,
TXN-1010,115.03,2026-03-01 00:00:00,payment,
TXN-1011,106.23,2026-03-01 00:00:00,payment,
TXN-1012,45.29,2026-03-01 00:00:00,payment,
TXN-1013,143.8,2026-03-01 00:00:00,payment,
TXN-1014,19.82,2026-03-01 00:00:00,payment,
TXN-1015,19.02,2026-03-01 00:00:00,payment,
TXN-1016,92.54,2026-03-01 00:00:00,payment,
TXN-1017,110.81,2026-03-01 00:00:00,payment,
TXN-1018,146.1,2026-03-01 00:00:00,payment,
TXN-1019,16.43,2026-03-01 00:00:00,payment,
TXN-1020,125.26,2026-03-01 00:00:00,payment,
TXN-1021,88.72,2026-03-01 00:00:00,payment,
TXN-1022,11.64,2026-03-01 00:00:00,payment,
TXN-1023,117.09,2026-03-01 00:00:00,payment,
TXN-1024,129.02,2026-03-01 00:00:00,payment,
TXN-1025,60.12,2026-03-01 00:00:00,payment,
TXN-1026,97.17,2026-03-01 00:00:00,payment,
TXN-1027,28.58,2026-03-01 00:00:00,payment,
TXN-1028,35.38,2026-03-01 00:00:00,payment,
TXN-1029,106.76,2026-03-01 00:00:00,payment,
TXN-1030,93.32,2026-03-01 00:00:00,payment,
TXN-1031,82.45,2026-03-01 00:00:00,payment,
TXN-1032,28.69,2026-03-01 00:00:00,payment,
TXN-1033,44.14,2026-03-01 00:00:00,payment,
TXN-1034,104.27,2026-03-01 00:00:00,payment,
TXN-1035,38.21,2026-03-01 00:00:00,payment,
TXN-1036,121.73,2026-03-01 00:00:00,payment,
TXN-1037,43.82,2026-03-01 00:00:00,payment,
TXN-1038,137.4,2026-03-01 00:00:00,payment,
TXN-1039,35.83,2026-03-01 00:00:00,payment,
TXN-1040,62.37,2026-03-01 00:00:00,payment,
TXN-1041,25.72,2026-03-01 00:00:00,payment,
TXN-1042,40.76,2026-03-01 00:00:00,payment,
TXN-1043,113.32,2026-03-01 00:00:00,payment,
TXN-1044,135.18,2026-03-01 00:00:00,payment,
TXN-1045,57.49,2026-03-01 00:00:00,payment,
TXN-1046,78.88,2026-03-01 00:00:00,payment,
TXN-1047,114.59,2026-03-01 00:00:00,payment,
TXN-1048,27.16,2026-03-01 00:00:00,payment,
TXN-1049,119.85,2026-03-01 00:00:00,payment,
TXN-1050,91.48,2026-03-02 00:00:00,payment,
TXN-1051,60.33,2026-03-02 00:00:00,payment,
TXN-1052,81.72,2026-03-02 00:00:00,payment,
TXN-1053,103.64,2026-03-02 00:00:00,payment,
TXN-1054,103.85,2026-03-02 00:00:00,payment,
TXN-1055,116.45,2026-03-02 00:00:00,payment,
TXN-1056,21.18,2026-03-02 00:00:00,payment,
TXN-1057,27.93,2026-03-02 00:00:00,payment,
TXN-1058,143.3,2026-03-02 00:00:00,payment,
TXN-1059,145.92,2026-03-02 00:00:00,payment,
TXN-1060,78.61,2026-03-02 00:00:00,payment,
TXN-1061,131.23,2026-03-02 00:00:00,payment,
TXN-1062,127.04,2026-03-02 00:00:00,payment,
TXN-1063,27.16,2026-03-02 00:00:00,payment,
TXN-1064,83.21,2026-03-02 00:00:00,payment,
TXN-1065,91.85,2026-03-02 00:00:00,payment,
TXN-1066,7.82,2026-03-02 00:00:00,payment,
TXN-1067,132.41,2026-03-02 00:00:00,payment,
TXN-1068,39.72,2026-03-02 00:00:00,payment,
TXN-1069,132.31,2026-03-02 00:00:00,payment,
TXN-1070,17.42,2026-03-02 00:00:00,payment,
TXN-1071,123.32,2026-03-02 00:00:00,payment,
TXN-1072,23.62,2026-03-02 00:00:00,payment,
TXN-1073,142.29,2026-03-02 00:00:00,payment,
TXN-1074,43.43,2026-03-02 00:00:00,payment,
TXN-1075,144.83,2026-03-02 00:00:00,payment,
TXN-1076,108.38,2026-03-02 00:00:00,payment,
TXN-1077,149.3,2026-03-02 00:00:00,payment,
TXN-1078,68.52,2026-03-02 00:00:00,payment,
TXN-1079,22.55,2026-03-02 00:00:00,payment,
TXN-1080,14.28,2026-03-02 00:00:00,payment,
TXN-1081,90.3,2026-03-02 00:00:00,payment,
TXN-1082,90.32,2026-03-02 00:00:00,payment,
TXN-1083,15.29,2026-03-02 00:00:00,payment,
TXN-1084,38.2,2026-03-02 00:00:00,payment,
TXN-1085,129.65,2026-03-02 00:00:00,payment,
TXN-1086,79.55,2026-03-02 00:00:00,payment,
TXN-1087,102.0,2026-03-02 00:00:00,payment,
TXN-1088,83.19,2026-03-02 00:00:00,payment,
TXN-1089,40.23,2026-03-02 00:00:00,payment,
TXN-1090,122.09,2026-03-02 00:00:00,payment,
TXN-1091,18.68,2026-03-02 00:00:00,payment,
TXN-1092,56.37,2026-03-02 00:00:00,payment,
TXN-1093,72.72,2026-03-02 00:00:00,payment,
TXN-1094,102.64,2026-03-02 00:00:00,payment,
TXN-1095,13.79,2026-03-02 00:00:00,payment,
TXN-1096,121.09,2026-03-02 00:00:00,payment,
TXN-1097,41.06,2026-03-02 00:00:00,payment,
TXN-1098,82.76,2026-03-02 00:00:00,payment,
TXN-1099,66.17,2026-03-02 00:00:00,payment,
TXN-1100,72.08,2026-03-03 00:00:00,payment,
TXN-1101,69.25,2026-03-03 00:00:00,payment,
TXN-1102,12.34,2026-03-03 00:00:00,payment,
TXN-1103,145.5,2026-03-03 00:00:00,payment,
TXN-1104,29.12,2026-03-03 00:00:00,payment,
TXN-1105,74.8,2026-03-03 00:00:00,payment,
TXN-1106,135.85,2026-03-03 00:00:00,payment,
TXN-1107,59.95,2026-03-03 00:00:00,payment,
TXN-1108,43.45,2026-03-03 00:00:00,payment,
TXN-1109,46.36,2026-03-03 00:00:00,payment,
TXN-1110,27.45,2026-03-03 00:00:00,payment,
TXN-1111,36.57,2026-03-03 00:00:00,payment,
TXN-1112,88.98,2026-03-03 00:00:00,payment,
TXN-1113,113.46,2026-03-03 00:00:00,payment,
TXN-1114,12.27,2026-03-03 00:00:00,payment,
TXN-1115,77.91,2026-03-03 00:00:00,payment,
TXN-1116,13.25,2026-03-03 00:00:00,payment,
TXN-1117,128.44,2026-03-03 00:00:00,payment,
TXN-1118,91.28,2026-03-03 00:00:00,payment,
TXN-1119,63.55,2026-03-03 00:00:00,payment,
TXN-1120,88.94,2026-03-03 00:00:00,payment,
TXN-1121,94.81,2026-03-03 00:00:00,payment,
TXN-1122,100.32,2026-03-03 00:00:00,payment,
TXN-1123,140.53,2026-03-03 00:00:00,payment,
TXN-1124,102.11,2026-03-03 00:00:00,payment,
TXN-1125,39.61,2026-03-03 00:00:00,payment,
TXN-1126,23.98,2026-03-03 00:00:00,payment,
TXN-1127,71.3,2026-03-03 00:00:00,payment,
TXN-1128,6.35,2026-03-03 00:00:00,payment,
TXN-1129,15.62,2026-03-03 00:00:00,payment,
TXN-1130,78.35,2026-03-03 00:00:00,payment,
TXN-1131,140.32,2026-03-03 00:00:00,payment,
TXN-1132,132.49,2026-03-03 00:00:00,payment,
TXN-1133,46.32,2026-03-03 00:00:00,payment,
TXN-1134,125.89,2026-03-03 00:00:00,payment,
TXN-1135,93.69,2026-03-03 00:00:00,payment,
TXN-1136,101.84,2026-03-03 00:00:00,payment,
TXN-1137,140.1,2026-03-03 00:00:00,payment,
TXN-1138,141.14,2026-03-03 00:00:00,payment,
TXN-1139,43.35,2026-03-03 00:00:00,payment,
TXN-1140,112.65,2026-03-03 00:00:00,payment,
TXN-1141,44.49,2026-03-03 00:00:00,payment,
TXN-1142,109.05,2026-03-03 00:00:00,payment,
TXN-1143,104.69,2026-03-03 00:00:00,payment,
TXN-1144,78.28,2026-03-03 00:00:00,payment,
TXN-1145,136.27,2026-03-03 00:00:00,payment,
TXN-1146,18.38,2026-03-03 00:00:00,payment,
TXN-1147,125.26,2026-03-03 00:00:00,payment,
TXN-1148,5.51,2026-03-03 00:00:00,payment,
TXN-1149,97.38,2026-03-03 00:00:00,payment,
TXN-1150,28.43,2026-03-04 00:00:00,payment,
TXN-1151,84.99,2026-03-04 00:00:00,payment,
TXN-1152,86.33,2026-03-04 00:00:00,payment,
TXN-1153,15.91,2026-03-04 00:00:00,payment,
TXN-1154,84.11,2026-03-04 00:00:00,payment,
TXN-1155,89.46,2026-03-04 00:00:00,payment,
TXN-1156,67.32,2026-03-04 00:00:00,payment,
TXN-1157,49.7,2026-03-04 00:00:00,payment,
TXN-1158,135.34,2026-03-04 00:00:00,payment,
TXN-1159,103.9,2026-03-04 00:00:00,payment,
TXN-1160,56.28,2026-03-04 00:00:00,payment,
TXN-1161,146.21,2026-03-04 00:00:00,payment,
TXN-1162,139.24,2026-03-04 00:00:00,payment,
TXN-1163,130.37,2026-03-04 00:00:00,payment,
TXN-1164,132.81,2026-03-04 00:00:00,payment,
TXN-1165,31.01,2026-03-04 00:00:00,payment,
TXN-1166,118.45,2026-03-04 00:00:00,payment,
TXN-1167,121.32,2026-03-04 00:00:00,payment,
TXN-1168,43.69,2026-03-04 00:00:00,payment,
TXN-1169,60.47,2026-03-04 00:00:00,payment,
TXN-1170,129.5,2026-03-04 00:00:00,payment,
TXN-1171,33.94,2026-03-04 00:00:00,payment,
TXN-1172,55.7,2026-03-04 00:00:00,payment,
TXN-1173,37.32,2026-03-04 00:00:00,payment,
TXN-1174,62.78,2026-03-04 00:00:00,payment,
TXN-1175,130.33,2026-03-04 00:00:00,payment,
TXN-1176,55.92,2026-03-04 00:00:00,payment,
TXN-1177,103.53,2026-03-04 00:00:00,payment,
TXN-1178,141.19,2026-03-04 00:00:00,payment,
TXN-1179,132.17,2026-03-04 00:00:00,payment,
TXN-1180,30.89,2026-03-04 00:00:00,payment,
TXN-1181,10.55,2026-03-04 00:00:00,payment,
TXN-1182,55.12,2026-03-04 00:00:00,payment,
TXN-1183,68.28,2026-03-04 00:00:00,payment,
TXN-1184,60.85,2026-03-04 00:00:00,payment,
TXN-1185,41.93,2026-03-04 00:00:00,payment,
TXN-1186,5.25,2026-03-04 00:00:00,payment,
TXN-1187,57.81,2026-03-04 00:00:00,payment,
TXN-1188,142.59,2026-03-04 00:00:00,payment,
TXN-1189,95.36,2026-03-04 00:00:00,payment,
TXN-1190,109.36,2026-03-04 00:00:00,payment,
TXN-1191,78.53,2026-03-04 00:00:00,payment,
TXN-1192,52.3,2026-03-04 00:00:00,payment,
TXN-1193,85.39,2026-03-04 00:00:00,payment,
TXN-1194,65.96,2026-03-04 00:00:00,payment,
TXN-1195,103.21,2026-03-04 00:00:00,payment,
TXN-1196,94.25,2026-03-04 00:00:00,payment,
TXN-1197,63.88,2026-03-04 00:00:00,payment,
TXN-1198,49.06,2026-03-04 00:00:00,payment,
TXN-1199,67.33,2026-03-04 00:00:00,payment,
TXN-1200,72.42,2026-03-05 00:00:00,payment,
TXN-1201,102.97,2026-03-05 00:00:00,payment,
TXN-1202,120.09,2026-03-05 00:00:00,payment,
TXN-1203,100.53,2026-03-05 00:00:00,payment,
TXN-1204,79.74,2026-03-05 00:00:00,payment,
TXN-1205,18.54,2026-03-05 00:00:00,payment,
TXN-1206,102.56,2026-03-05 00:00:00,payment,
TXN-1207,121.95,2026-03-05 00:00:00,payment,
TXN-1208,8.54,2026-03-05 00:00:00,payment,
TXN-1209,147.67,2026-03-05 00:00:00,payment,
TXN-1210,71.04,2026-03-05 00:00:00,payment,
TXN-1211,109.16,2026-03-05 00:00:00,payment,
TXN-1212,76.68,2026-03-05 00:00:00,payment,
TXN-1213,26.4,2026-03-05 00:00:00,payment,
TXN-1214,134.44,2026-03-05 00:00:00,payment,
TXN-1215,117.87,2026-03-05 00:00:00,payment,
TXN-1216,30.5,2026-03-05 00:00:00,payment,
TXN-1217,12.28,2026-03-05 00:00:00,payment,
TXN-1218,138.03,2026-03-05 00:00:00,payment,
TXN-1219,71.19,2026-03-05 00:00:00,payment,
TXN-1220,101.8,2026-03-05 00:00:00,payment,
TXN-1221,142.76,2026-03-05 00:00:00,payment,
TXN-1222,93.83,2026-03-05 00:00:00,payment,
TXN-1223,125.43,2026-03-05 00:00:00,payment,
TXN-1224,135.1,2026-03-05 00:00:00,payment,
TXN-1225,70.26,2026-03-05 00:00:00,payment,
TXN-1226,126.78,2026-03-05 00:00:00,payment,
TXN-1227,116.04,2026-03-05 00:00:00,payment,
TXN-1228,95.88,2026-03-05 00:00:00,payment,
TXN-1229,68.78,2026-03-05 00:00:00,payment,
TXN-1230,39.0,2026-03-05 00:00:00,payment,
TXN-1231,51.36,2026-03-05 00:00:00,payment,
TXN-1232,25.06,2026-03-05 00:00:00,payment,
TXN-1233,60.54,2026-03-05 00:00:00,payment,
TXN-1234,107.43,2026-03-05 00:00:00,payment,
TXN-1235,65.16,2026-03-05 00:00:00,payment,
TXN-1236,83.68,2026-03-05 00:00:00,payment,
TXN-1237,14.03,2026-03-05 00:00:00,payment,
TXN-1238,61.47,2026-03-05 00:00:00,payment,
TXN-1239,129.23,2026-03-05 00:00:00,payment,
TXN-1240,74.16,2026-03-05 00:00:00,payment,
TXN-1241,48.3,2026-03-05 00:00:00,payment,
TXN-1242,128.75,2026-03-05 00:00:00,payment,
TXN-1243,83.04,2026-03-05 00:00:00,payment,
TXN-1244,75.79,2026-03-05 00:00:00,payment,
TXN-1245,68.2,2026-03-05 00:00:00,payment,
TXN-1246,61.38,2026-03-05 00:00:00,payment,
TXN-1247,110.01,2026-03-05 00:00:00,payment,
TXN-1248,138.33,2026-03-05 00:00:00,payment,
TXN-1249,136.5,2026-03-05 00:00:00,payment,
TXN-1250,17.17,2026-03-06 00:00:00,payment,
TXN-1251,24.68,2026-03-06 00:00:00,payment,
TXN-1252,31.35,2026-03-06 00:00:00,payment,
TXN-1253,59.97,2026-03-06 00:00:00,payment,
TXN-1254,70.93,2026-03-06 00:00:00,payment,
TXN-1255,115.38,2026-03-06 00:00:00,payment,
TXN-1256,45.35,2026-03-06 00:00:00,payment,
TXN-1257,41.58,2026-03-06 00:00:00,payment,
TXN-1258,73.19,2026-03-06 00:00:00,payment,
TXN-1259,149.99,2026-03-06 00:00:00,payment,
TXN-1260,37.51,2026-03-06 00:00:00,payment,
TXN-1261,118.28,2026-03-06 00:00:00,payment,
TXN-1262,114.36,2026-03-06 00:00:00,payment,
TXN-1263,33.91,2026-03-06 00:00:00,payment,
TXN-1264,95.09,2026-03-06 00:00:00,payment,
TXN-1265,23.3,2026-03-06 00:00:00,payment,
TXN-1266,86.78,2026-03-06 00:00:00,payment,
TXN-1267,72.43,2026-03-06 00:00:00,payment,
TXN-1268,116.2,2026-03-06 00:00:00,payment,
TXN-1269,92.85,2026-03-06 00:00:00,payment,
TXN-1270,117.78,2026-03-06 00:00:00,payment,
TXN-1271,144.88,2026-03-06 00:00:00,payment,
TXN-1272,88.91,2026-03-06 00:00:00,payment,
TXN-1273,88.49,2026-03-06 00:00:00,payment,
TXN-1274,62.51,2026-03-06 00:00:00,payment,
TXN-1275,16.02,2026-03-06 00:00:00,payment,
TXN-1276,19.78,2026-03-06 00:00:00,payment,
TXN-1277,128.29,2026-03-06 00:00:00,payment,
TXN-1278,120.45,2026-03-06 00:00:00,payment,
TXN-1279,55.34,2026-03-06 00:00:00,payment,
TXN-1280,100.92,2026-03-06 00:00:00,payment,
TXN-1281,78.36,2026-03-06 00:00:00,payment,
TXN-1282,6.83,2026-03-06 00:00:00,payment,
TXN-1283,124.24,2026-03-06 00:00:00,payment,
TXN-1284,67.86,2026-03-06 00:00:00,payment,
TXN-1285,97.16,2026-03-06 00:00:00,payment,
TXN-1286,107.56,2026-03-06 00:00:00,payment,
TXN-1287,30.54,2026-03-06 00:00:00,payment,
TXN-1288,94.31,2026-03-06 00:00:00,payment,
TXN-1289,72.41,2026-03-06 00:00:00,payment,
TXN-1290,51.73,2026-03-06 00:00:00,payment,
TXN-1291,125.46,2026-03-06 00:00:00,payment,
TXN-1292,45.44,2026-03-06 00:00:00,payment,
TXN-1293,40.36,2026-03-06 00:00:00,payment,
TXN-1294,87.63,2026-03-06 00:00:00,payment,
TXN-1295,53.78,2026-03-06 00:00:00,payment,
TXN-1296,128.39,2026-03-06 00:00:00,payment,
TXN-1297,75.69,2026-03-06 00:00:00,payment,
TXN-1298,120.69,2026-03-06 00:00:00,payment,
TXN-1299,45.55,2026-03-06 00:00:00,payment,
TXN-1300,85.59,2026-03-07 00:00:00,payment,
TXN-1301,17.41,2026-03-07 00:00:00,payment,
TXN-1302,75.84,2026-03-07 00:00:00,payment,
TXN-1303,105.14,2026-03-07 00:00:00,payment,
TXN-1304,69.99,2026-03-07 00:00:00,payment,
TXN-1305,18.49,2026-03-07 00:00:00,payment,
TXN-1306,63.64,2026-03-07 00:00:00,payment,
TXN-1307,49.4,2026-03-07 00:00:00,payment,
TXN-1308,73.62,2026-03-07 00:00:00,payment,
TXN-1309,66.7,2026-03-07 00:00:00,payment,
TXN-1310,56.01,2026-03-07 00:00:00,payment,
TXN-1311,44.28,2026-03-07 00:00:00,payment,
TXN-1312,38.43,2026-03-07 00:00:00,payment,
TXN-1313,50.75,2026-03-07 00:00:00,payment,
TXN-1314,32.77,2026-03-07 00:00:00,payment,
TXN-1315,45.09,2026-03-07 00:00:00,payment,
TXN-1316,147.17,2026-03-07 00:00:00,payment,
TXN-1317,47.96,2026-03-07 00:00:00,payment,
TXN-1318,31.02,2026-03-07 00:00:00,payment,
TXN-1319,107.66,2026-03-07 00:00:00,payment,
TXN-1320,44.78,2026-03-07 00:00:00,payment,
TXN-1321,85.24,2026-03-07 00:00:00,payment,
TXN-1322,97.49,2026-03-07 00:00:00,payment,
TXN-1323,19.88,2026-03-07 00:00:00,payment,
TXN-1324,88.24,2026-03-07 00:00:00,payment,
TXN-1325,74.41,2026-03-07 00:00:00,payment,
TXN-1326,31.73,2026-03-07 00:00:00,payment,
TXN-1327,41.61,2026-03-07 00:00:00,payment,
TXN-1328,21.54,2026-03-07 00:00:00,payment,
TXN-1329,63.1,2026-03-07 00:00:00,payment,
TXN-1330,88.67,2026-03-07 00:00:00,payment,
TXN-1331,27.0,2026-03-07 00:00:00,payment,
TXN-1332,17.35,2026-03-07 00:00:00,payment,
TXN-1333,22.18,2026-03-07 00:00:00,payment,
TXN-1334,92.92,2026-03-07 00:00:00,payment,
TXN-1335,117.48,2026-03-07 00:00:00,payment,
TXN-1336,70.32,2026-03-07 00:00:00,payment,
TXN-1337,48.12,2026-03-07 00:00:00,payment,
TXN-1338,49.28,2026-03-07 00:00:00,payment,
TXN-1339,93.4,2026-03-07 00:00:00,payment,
TXN-1340,142.4,2026-03-07 00:00:00,payment,
TXN-1341,95.7,2026-03-07 00:00:00,payment,
TXN-1342,100.76,2026-03-07 00:00:00,payment,
TXN-1343,39.78,2026-03-07 00:00:00,payment,
TXN-1344,27.7,2026-03-07 00:00:00,payment,
TXN-1345,70.32,2026-03-07 00:00:00,payment,
TXN-1346,47.23,2026-03-07 00:00:00,payment,
TXN-1347,46.78,2026-03-07 00:00:00,payment,
TXN-1348,106.93,2026-03-07 00:00:00,payment,
TXN-1349,15.32,2026-03-07 00:00:00,payment,
TXN-1350,138.97,2026-03-08 00:00:00,payment,
TXN-1351,66.65,2026-03-08 00:00:00,payment,
TXN-1352,98.91,2026-03-08 00:00:00,payment,
TXN-1353,124.86,2026-03-08 00:00:00,payment,
TXN-1354,13.65,2026-03-08 00:00:00,payment,
TXN-1355,91.28,2026-03-08 00:00:00,payment,
TXN-1356,68.68,2026-03-08 00:00:00,payment,
TXN-1357,104.86,2026-03-08 00:00:00,payment,
TXN-1358,141.69,2026-03-08 00:00:00,payment,
TXN-1359,68.48,2026-03-08 00:00:00,payment,
TXN-1360,133.97,2026-03-08 00:00:00,payment,
TXN-1361,92.54,2026-03-08 00:00:00,payment,
TXN-1362,18.24,2026-03-08 00:00:00,payment,
TXN-1363,149.94,2026-03-08 00:00:00,payment,
TXN-1364,88.56,2026-03-08 00:00:00,payment,
TXN-1365,73.22,2026-03-08 00:00:00,payment,
TXN-1366,137.83,2026-03-08 00:00:00,payment,
TXN-1367,149.56,2026-03-08 00:00:00,payment,
TXN-1368,97.04,2026-03-08 00:00:00,payment,
TXN-1369,145.51,2026-03-08 00:00:00,payment,
TXN-1370,55.45,2026-03-08 00:00:00,payment,
TXN-1371,51.55,2026-03-08 00:00:00,payment,
TXN-1372,129.37,2026-03-08 00:00:00,payment,
TXN-1373,64.69,2026-03-08 00:00:00,payment,
TXN-1374,46.79,2026-03-08 00:00:00,payment,
TXN-1375,122.97,2026-03-08 00:00:00,payment,
TXN-1376,70.95,2026-03-08 00:00:00,payment,
TXN-1377,41.6,2026-03-08 00:00:00,payment,
TXN-1378,145.68,2026-03-08 00:00:00,payment,
TXN-1379,130.41,2026-03-08 00:00:00,payment,
TXN-1380,100.36,2026-03-08 00:00:00,payment,
TXN-1381,64.92,2026-03-08 00:00:00,payment,
TXN-1382,80.17,2026-03-08 00:00:00,payment,
TXN-1383,95.68,2026-03-08 00:00:00,payment,
TXN-1384,34.52,2026-03-08 00:00:00,payment,
TXN-1385,139.51,2026-03-08 00:00:00,payment,
TXN-1386,132.72,2026-03-08 00:00:00,payment,
TXN-1387,22.61,2026-03-08 00:00:00,payment,
TXN-1388,107.92,2026-03-08 00:00:00,payment,
TXN-1389,84.87,2026-03-08 00:00:00,payment,
TXN-1390,18.52,2026-03-08 00:00:00,payment,
TXN-1391,71.91,2026-03-08 00:00:00,payment,
TXN-1392,98.92,2026-03-08 00:00:00,payment,
TXN-1393,77.26,2026-03-08 00:00:00,payment,
TXN-1394,78.79,2026-03-08 00:00:00,payment,
TXN-1395,65.25,2026-03-08 00:00:00,payment,
TXN-1396,147.14,2026-03-08 00:00:00,payment,
TXN-1397,71.23,2026-03-08 00:00:00,payment,
TXN-1398,60.62,2026-03-08 00:00:00,payment,
TXN-1399,130.28,2026-03-08 00:00:00,payment,
TXN-1400,117.04,2026-03-09 00:00:00,payment,
TXN-1401,54.28,2026-03-09 00:00:00,payment,
TXN-1402,123.98,2026-03-09 00:00:00,payment,
TXN-1403,110.28,2026-03-09 00:00:00,payment,
TXN-1404,130.46,2026-03-09 00:00:00,payment,
TXN-1405,83.09,2026-03-09 00:00:00,payment,
TXN-1406,53.2,2026-03-09 00:00:00,payment,
TXN-1407,71.02,2026-03-09 00:00:00,payment,
TXN-1408,131.09,2026-03-09 00:00:00,payment,
TXN-1409,87.91,2026-03-09 00:00:00,payment,
TXN-1410,129.12,2026-03-09 00:00:00,payment,
TXN-1411,11.33,2026-03-09 00:00:00,payment,
TXN-1412,107.26,2026-03-09 00:00:00,payment,
TXN-1413,60.98,2026-03-09 00:00:00,payment,
TXN-1414,76.82,2026-03-09 00:00:00,payment,
TXN-1415,23.31,2026-03-09 00:00:00,payment,
TXN-1416,131.11,2026-03-09 00:00:00,payment,
TXN-1417,19.46,2026-03-09 00:00:00,payment,
TXN-1418,7.23,2026-03-09 00:00:00,payment,
TXN-1419,64.45,2026-03-09 00:00:00,payment,
TXN-1420,15.85,2026-03-09 00:00:00,payment,
TXN-1421,54.09,2026-03-09 00:00:00,payment,
TXN-1422,99.23,2026-03-09 00:00:00,payment,
TXN-1423,128.59,2026-03-09 00:00:00,payment,
TXN-1424,143.35,2026-03-09 00:00:00,payment,
TXN-1425,131.5,2026-03-09 00:00:00,payment,
TXN-1426,94.53,2026-03-09 00:00:00,payment,
TXN-1427,96.52,2026-03-09 00:00:00,payment,
TXN-1428,149.63,2026-03-09 00:00:00,payment,
TXN-1429,67.93,2026-03-09 00:00:00,payment,
TXN-1430,115.25,2026-03-09 00:00:00,payment,
TXN-1431,69.33,2026-03-09 00:00:00,payment,
TXN-1432,136.0,2026-03-09 00:00:00,payment,
TXN-1433,52.03,2026-03-09 00:00:00,payment,
TXN-1434,47.54,2026-03-09 00:00:00,payment,
TXN-1435,67.45,2026-03-09 00:00:00,payment,
TXN-1436,82.02,2026-03-09 00:00:00,payment,
TXN-1437,29.65,2026-03-09 00:00:00,payment,
TXN-1438,93.38,2026-03-09 00:00:00,payment,
TXN-1439,94.86,2026-03-09 00:00:00,payment,
TXN-1440,77.16,2026-03-09 00:00:00,payment,
TXN-1441,38.67,2026-03-09 00:00:00,payment,
TXN-1442,71.64,2026-03-09 00:00:00,payment,
TXN-1443,135.34,2026-03-09 00:00:00,payment,
TXN-1444,135.68,2026-03-09 00:00:00,payment,
TXN-1445,15.71,2026-03-09 00:00:00,payment,
TXN-1446,148.21,2026-03-09 00:00:00,payment,
TXN-1447,97.65,2026-03-09 00:00:00,payment,
TXN-1448,105.1,2026-03-09 00:00:00,payment,
TXN-1449,127.57,2026-03-09 00:00:00,payment,
TXN-1450,149.91,2026-03-10 00:00:00,payment,
TXN-1451,20.46,2026-03-10 00:00:00,payment,
TXN-1452,87.93,2026-03-10 00:00:00,payment,
TXN-1453,148.94,2026-03-10 00:00:00,payment,
TXN-1454,8.18,2026-03-10 00:00:00,payment,
TXN-1455,44.8,2026-03-10 00:00:00,payment,
TXN-1456,137.04,2026-03-10 00:00:00,payment,
TXN-1457,125.76,2026-03-10 00:00:00,payment,
TXN-1458,117.48,2026-03-10 00:00:00,payment,
TXN-1459,93.02,2026-03-10 00:00:00,payment,
TXN-1460,36.76,2026-03-10 00:00:00,payment,
TXN-1461,95.03,2026-03-10 00:00:00,payment,
TXN-1462,96.1,2026-03-10 00:00:00,payment,
TXN-1463,49.8,2026-03-10 00:00:00,payment,
TXN-1464,9.84,2026-03-10 00:00:00,payment,
TXN-1465,111.19,2026-03-10 00:00:00,payment,
TXN-1466,136.9,2026-03-10 00:00:00,payment,
TXN-1467,113.38,2026-03-10 00:00:00,payment,
TXN-1468,34.12,2026-03-10 00:00:00,payment,
TXN-1469,81.97,2026-03-10 00:00:00,payment,
TXN-1470,125.42,2026-03-10 00:00:00,payment,
TXN-1471,137.54,2026-03-10 00:00:00,payment,
TXN-1472,145.27,2026-03-10 00:00:00,payment,
TXN-1473,113.25,2026-03-10 00:00:00,payment,
TXN-1474,121.61,2026-03-10 00:00:00,payment,
TXN-1475,144.62,2026-03-10 00:00:00,payment,
TXN-1476,114.35,2026-03-10 00:00:00,payment,
TXN-1477,129.72,2026-03-10 00:00:00,payment,
TXN-1478,145.25,2026-03-10 00:00:00,payment,
TXN-1479,18.09,2026-03-10 00:00:00,payment,
TXN-1480,7.02,2026-03-10 00:00:00,payment,
TXN-1481,70.94,2026-03-10 00:00:00,payment,
TXN-1482,89.76,2026-03-10 00:00:00,payment,
TXN-1483,20.71,2026-03-10 00:00:00,payment,
TXN-1484,73.36,2026-03-10 00:00:00,payment,
TXN-1485,137.71,2026-03-10 00:00:00,payment,
TXN-1486,98.91,2026-03-10 00:00:00,payment,
TXN-1487,136.86,2026-03-10 00:00:00,payment,
TXN-1488,99.14,2026-03-10 00:00:00,payment,
TXN-1489,25.27,2026-03-10 00:00:00,payment,
TXN-1490,49.13,2026-03-10 00:00:00,payment,
TXN-1491,21.84,2026-03-10 00:00:00,payment,
TXN-1492,133.65,2026-03-10 00:00:00,payment,
TXN-1493,61.35,2026-03-10 00:00:00,payment,
TXN-1494,102.22,2026-03-10 00:00:00,payment,
TXN-1495,90.16,2026-03-10 00:00:00,payment,
TXN-1496,133.38,2026-03-10 00:00:00,payment,
TXN-1497,125.89,2026-03-10 00:00:00,payment,
TXN-1498,141.16,2026-03-10 00:00:00,payment,
TXN-1499,9.74,2026-03-10 00:00:00,payment,
TXN-1500,36.5,2026-03-11 00:00:00,payment,
TXN-1501,142.83,2026-03-11 00:00:00,payment,
TXN-1502,19.41,2026-03-11 00:00:00,payment,
TXN-1503,83.95,2026-03-11 00:00:00,payment,
TXN-1504,13.78,2026-03-11 00:00:00,payment,
TXN-1505,32.52,2026-03-11 00:00:00,payment,
TXN-1506,142.61,2026-03-11 00:00:00,payment,
TXN-1507,18.29,2026-03-11 00:00:00,payment,
TXN-1508,98.05,2026-03-11 00:00:00,payment,
TXN-1509,12.33,2026-03-11 00:00:00,payment,
TXN-1510,40.32,2026-03-11 00:00:00,payment,
TXN-1511,119.11,2026-03-11 00:00:00,payment,
TXN-1512,14.95,2026-03-11 00:00:00,payment,
TXN-1513,90.03,2026-03-11 00:00:00,payment,
TXN-1514,52.64,2026-03-11 00:00:00,payment,
TXN-1515,119.35,2026-03-11 00:00:00,payment,
TXN-1516,45.2,2026-03-11 00:00:00,payment,
TXN-1517,148.19,2026-03-11 00:00:00,payment,
TXN-1518,120.78,2026-03-11 00:00:00,payment,
TXN-1519,100.85,2026-03-11 00:00:00,payment,
TXN-1520,24.11,2026-03-11 00:00:00,payment,
TXN-1521,119.55,2026-03-11 00:00:00,payment,
TXN-1522,90.38,2026-03-11 00:00:00,payment,
TXN-1523,30.27,2026-03-11 00:00:00,payment,
TXN-1524,23.38,2026-03-11 00:00:00,payment,
TXN-1525,81.28,2026-03-11 00:00:00,payment,
TXN-1526,74.06,2026-03-11 00:00:00,payment,
TXN-1527,79.42,2026-03-11 00:00:00,payment,
TXN-1528,70.54,2026-03-11 00:00:00,payment,
TXN-1529,142.09,2026-03-11 00:00:00,payment,
TXN-1530,110.45,2026-03-11 00:00:00,payment,
TXN-1531,71.42,2026-03-11 00:00:00,payment,
TXN-1532,13.82,2026-03-11 00:00:00,payment,
TXN-1533,127.86,2026-03-11 00:00:00,payment,
TXN-1534,104.48,2026-03-11 00:00:00,payment,
TXN-1535,108.3,2026-03-11 00:00:00,payment,
TXN-1536,15.66,2026-03-11 00:00:00,payment,
TXN-1537,51.71,2026-03-11 00:00:00,payment,
TXN-1538,14.52,2026-03-11 00:00:00,payment,
TXN-1539,95.53,2026-03-11 00:00:00,payment,
TXN-1540,60.23,2026-03-11 00:00:00,payment,
TXN-1541,70.79,2026-03-11 00:00:00,payment,
TXN-1542,19.38,2026-03-11 00:00:00,payment,
TXN-1543,128.65,2026-03-11 00:00:00,payment,
TXN-1544,67.36,2026-03-11 00:00:00,payment,
TXN-1545,65.0,2026-03-11 00:00:00,payment,
TXN-1546,62.82,2026-03-11 00:00:00,payment,
TXN-1547,50.32,2026-03-11 00:00:00,payment,
TXN-1548,101.44,2026-03-11 00:00:00,payment,
TXN-1549,143.27,2026-03-11 00:00:00,payment,
TXN-1550,14.73,2026-03-12 00:00:00,payment,
TXN-1551,18.52,2026-03-12 00:00:00,payment,
TXN-1552,112.97,2026-03-12 00:00:00,payment,
TXN-1553,122.71,2026-03-12 00:00:00,payment,
TXN-1554,90.04,2026-03-12 00:00:00,payment,
TXN-1555,102.15,2026-03-12 00:00:00,payment,
TXN-1556,56.27,2026-03-12 00:00:00,payment,
TXN-1557,130.87,2026-03-12 00:00:00,payment,
TXN-1558,145.42,2026-03-12 00:00:00,payment,
TXN-1559,55.99,2026-03-12 00:00:00,payment,
TXN-1560,27.44,2026-03-12 00:00:00,payment,
TXN-1561,37.52,2026-03-12 00:00:00,payment,
TXN-1562,55.77,2026-03-12 00:00:00,payment,
TXN-1563,21.66,2026-03-12 00:00:00,payment,
TXN-1564,88.24,2026-03-12 00:00:00,payment,
TXN-1565,127.55,2026-03-12 00:00:00,payment,
TXN-1566,93.3,2026-03-12 00:00:00,payment,
TXN-1567,9.2,2026-03-12 00:00:00,payment,
TXN-1568,106.89,2026-03-12 00:00:00,payment,
TXN-1569,138.62,2026-03-12 00:00:00,payment,
TXN-1570,5.89,2026-03-12 00:00:00,payment,
TXN-1571,87.12,2026-03-12 00:00:00,payment,
TXN-1572,15.09,2026-03-12 00:00:00,payment,
TXN-1573,18.3,2026-03-12 00:00:00,payment,
TXN-1574,59.55,2026-03-12 00:00:00,payment,
TXN-1575,54.43,2026-03-12 00:00:00,payment,
TXN-1576,50.19,2026-03-12 00:00:00,payment,
TXN-1577,117.64,2026-03-12 00:00:00,payment,
TXN-1578,133.08,2026-03-12 00:00:00,payment,
TXN-1579,27.82,2026-03-12 00:00:00,payment,
TXN-1580,102.73,2026-03-12 00:00:00,payment,
TXN-1581,69.25,2026-03-12 00:00:00,payment,
TXN-1582,75.42,2026-03-12 00:00:00,payment,
TXN-1583,65.06,2026-03-12 00:00:00,payment,
TXN-1584,114.47,2026-03-12 00:00:00,payment,
TXN-1585,55.05,2026-03-12 00:00:00,payment,
TXN-1586,46.07,2026-03-12 00:00:00,payment,
TXN-1587,81.41,2026-03-12 00:00:00,payment,
TXN-1588,11.59,2026-03-12 00:00:00,payment,
TXN-1589,147.74,2026-03-12 00:00:00,payment,
TXN-1590,6.11,2026-03-12 00:00:00,payment,
TXN-1591,142.07,2026-03-12 00:00:00,payment,
TXN-1592,115.8,2026-03-12 00:00:00,payment,
TXN-1593,52.58,2026-03-12 00:00:00,payment,
TXN-1594,77.12,2026-03-12 00:00:00,payment,
TXN-1595,30.48,2026-03-12 00:00:00,payment,
TXN-1596,82.22,2026-03-12 00:00:00,payment,
TXN-1597,77.54,2026-03-12 00:00:00,payment,
TXN-1598,15.45,2026-03-12 00:00:00,payment,
TXN-1599,68.25,2026-03-12 00:00:00,payment,
TXN-1600,138.57,2026-03-13 00:00:00,payment,
TXN-1601,88.49,2026-03-13 00:00:00,payment,
TXN-1602,107.88,2026-03-13 00:00:00,payment,
TXN-1603,46.98,2026-03-13 00:00:00,payment,
TXN-1604,8.02,2026-03-13 00:00:00,payment,
TXN-1605,29.92,2026-03-13 00:00:00,payment,
TXN-1606,125.64,2026-03-13 00:00:00,payment,
TXN-1607,17.78,2026-03-13 00:00:00,payment,
TXN-1608,40.28,2026-03-13 00:00:00,payment,
TXN-1609,80.97,2026-03-13 00:00:00,payment,
TXN-1610,131.23,2026-03-13 00:00:00,payment,
TXN-1611,37.13,2026-03-13 00:00:00,payment,
TXN-1612,16.08,2026-03-13 00:00:00,payment,
TXN-1613,81.94,2026-03-13 00:00:00,payment,
TXN-1614,136.36,2026-03-13 00:00:00,payment,
TXN-1615,55.91,2026-03-13 00:00:00,payment,
TXN-1616,39.26,2026-03-13 00:00:00,payment,
TXN-1617,42.12,2026-03-13 00:00:00,payment,
TXN-1618,92.35,2026-03-13 00:00:00,payment,
TXN-1619,30.69,2026-03-13 00:00:00,payment,
TXN-1620,72.27,2026-03-13 00:00:00,payment,
TXN-1621,103.76,2026-03-13 00:00:00,payment,
TXN-1622,130.32,2026-03-13 00:00:00,payment,
TXN-1623,26.89,2026-03-13 00:00:00,payment,
TXN-1624,72.99,2026-03-13 00:00:00,payment,
TXN-1625,120.47,2026-03-13 00:00:00,payment,
TXN-1626,56.03,2026-03-13 00:00:00,payment,
TXN-1627,50.01,2026-03-13 00:00:00,payment,
TXN-1628,10.45,2026-03-13 00:00:00,payment,
TXN-1629,125.6,2026-03-13 00:00:00,payment,
TXN-1630,98.48,2026-03-13 00:00:00,payment,
TXN-1631,94.18,2026-03-13 00:00:00,payment,
TXN-1632,72.09,2026-03-13 00:00:00,payment,
TXN-1633,70.21,2026-03-13 00:00:00,payment,
TXN-1634,51.62,2026-03-13 00:00:00,payment,
TXN-1635,77.7,2026-03-13 00:00:00,payment,
TXN-1636,70.33,2026-03-13 00:00:00,payment,
TXN-1637,147.45,2026-03-13 00:00:00,payment,
TXN-1638,78.16,2026-03-13 00:00:00,payment,
TXN-1639,10.68,2026-03-13 00:00:00,payment,
TXN-1640,148.69,2026-03-13 00:00:00,payment,
TXN-1641,57.77,2026-03-13 00:00:00,payment,
TXN-1642,61.18,2026-03-13 00:00:00,payment,
TXN-1643,103.44,2026-03-13 00:00:00,payment,
TXN-1644,119.44,2026-03-13 00:00:00,payment,
TXN-1645,14.56,2026-03-13 00:00:00,payment,
TXN-1646,85.9,2026-03-13 00:00:00,payment,
TXN-1647,46.2,2026-03-13 00:00:00,payment,
TXN-1648,53.34,2026-03-13 00:00:00,payment,
TXN-1649,137.93,2026-03-13 00:00:00,payment,
TXN-1650,145.32,2026-03-14 00:00:00,payment,
TXN-1651,23.7,2026-03-14 00:00:00,payment,
TXN-1652,49.89,2026-03-14 00:00:00,payment,
TXN-1653,98.31,2026-03-14 00:00:00,payment,
TXN-1654,122.91,2026-03-14 00:00:00,payment,
TXN-1655,98.67,2026-03-14 00:00:00,payment,
TXN-1656,78.73,2026-03-14 00:00:00,payment,
TXN-1657,57.58,2026-03-14 00:00:00,payment,
TXN-1658,142.92,2026-03-14 00:00:00,payment,
TXN-1659,142.41,2026-03-14 00:00:00,payment,
TXN-1660,32.84,2026-03-14 00:00:00,payment,
TXN-1661,27.47,2026-03-14 00:00:00,payment,
TXN-1662,127.44,2026-03-14 00:00:00,payment,
TXN-1663,78.62,2026-03-14 00:00:00,payment,
TXN-1664,100.98,2026-03-14 00:00:00,payment,
TXN-1665,91.6,2026-03-14 00:00:00,payment,
TXN-1666,28.53,2026-03-14 00:00:00,payment,
TXN-1667,109.57,2026-03-14 00:00:00,payment,
TXN-1668,64.57,2026-03-14 00:00:00,payment,
TXN-1669,145.59,2026-03-14 00:00:00,payment,
TXN-1670,114.1,2026-03-14 00:00:00,payment,
TXN-1671,38.93,2026-03-14 00:00:00,payment,
TXN-1672,49.87,2026-03-14 00:00:00,payment,
TXN-1673,136.08,2026-03-14 00:00:00,payment,
TXN-1674,58.34,2026-03-14 00:00:00,payment,
TXN-1675,71.94,2026-03-14 00:00:00,payment,
TXN-1676,117.83,2026-03-14 00:00:00,payment,
TXN-1677,145.11,2026-03-14 00:00:00,payment,
TXN-1678,121.18,2026-03-14 00:00:00,payment,
TXN-1679,131.59,2026-03-14 00:00:00,payment,
TXN-1680,97.97,2026-03-14 00:00:00,payment,
TXN-1681,85.41,2026-03-14 00:00:00,payment,
TXN-1682,108.15,2026-03-14 00:00:00,payment,
TXN-1683,46.33,2026-03-14 00:00:00,payment,
TXN-1684,44.55,2026-03-14 00:00:00,payment,
TXN-1685,125.5,2026-03-14 00:00:00,payment,
TXN-1686,142.23,2026-03-14 00:00:00,payment,
TXN-1687,123.42,2026-03-14 00:00:00,payment,
TXN-1688,139.92,2026-03-14 00:00:00,payment,
TXN-1689,12.72,2026-03-14 00:00:00,payment,
TXN-1690,39.19,2026-03-14 00:00:00,payment,
TXN-1691,59.36,2026-03-14 00:00:00,payment,
TXN-1692,51.21,2026-03-14 00:00:00,payment,
TXN-1693,126.68,2026-03-14 00:00:00,payment,
TXN-1694,119.75,2026-03-14 00:00:00,payment,
TXN-1695,10.55,2026-03-14 00:00:00,payment,
TXN-1696,105.93,2026-03-14 00:00:00,payment,
TXN-1697,115.03,2026-03-14 00:00:00,payment,
TXN-1698,70.05,2026-03-14 00:00:00,payment,
TXN-1699,136.35,2026-03-14 00:00:00,payment,
TXN-1700,42.11,2026-03-15 00:00:00,payment,
TXN-1701,84.58,2026-03-15 00:00:00,payment,
TXN-1702,21.12,2026-03-15 00:00:00,payment,
TXN-1703,39.46,2026-03-15 00:00:00,payment,
TXN-1704,11.92,2026-03-15 00:00:00,payment,
TXN-1705,97.65,2026-03-15 00:00:00,payment,
TXN-1706,14.11,2026-03-15 00:00:00,payment,
TXN-1707,91.53,2026-03-15 00:00:00,payment,
TXN-1708,96.63,2026-03-15 00:00:00,payment,
TXN-1709,109.19,2026-03-15 00:00:00,payment,
TXN-1710,67.24,2026-03-15 00:00:00,payment,
TXN-1711,39.88,2026-03-15 00:00:00,payment,
TXN-1712,32.16,2026-03-15 00:00:00,payment,
TXN-1713,80.91,2026-03-15 00:00:00,payment,
TXN-1714,14.81,2026-03-15 00:00:00,payment,
TXN-1715,61.62,2026-03-15 00:00:00,payment,
TXN-1716,11.31,2026-03-15 00:00:00,payment,
TXN-1717,147.25,2026-03-15 00:00:00,payment,
TXN-1718,113.36,2026-03-15 00:00:00,payment,
TXN-1719,119.34,2026-03-15 00:00:00,payment,
TXN-1720,39.96,2026-03-15 00:00:00,payment,
TXN-1721,116.87,2026-03-15 00:00:00,payment,
TXN-1722,24.34,2026-03-15 00:00:00,payment,
TXN-1723,84.17,2026-03-15 00:00:00,payment,
TXN-1724,125.41,2026-03-15 00:00:00,payment,
TXN-1725,147.22,2026-03-15 00:00:00,payment,
TXN-1726,96.6,2026-03-15 00:00:00,payment,
TXN-1727,14.15,2026-03-15 00:00:00,payment,
TXN-1728,10.36,2026-03-15 00:00:00,payment,
TXN-1729,11.35,2026-03-15 00:00:00,payment,
TXN-1730,133.44,2026-03-15 00:00:00,payment,
TXN-1731,140.34,2026-03-15 00:00:00,payment,
TXN-1732,148.42,2026-03-15 00:00:00,payment,
TXN-1733,41.73,2026-03-15 00:00:00,payment,
TXN-1734,46.49,2026-03-15 00:00:00,payment,
TXN-1735,130.54,2026-03-15 00:00:00,payment,
TXN-1736,44.62,2026-03-15 00:00:00,payment,
TXN-1737,68.36,2026-03-15 00:00:00,payment,
TXN-1738,112.78,2026-03-15 00:00:00,payment,
TXN-1739,54.16,2026-03-15 00:00:00,payment,
TXN-1740,76.95,2026-03-15 00:00:00,payment,
TXN-1741,58.27,2026-03-15 00:00:00,payment,
TXN-1742,121.17,2026-03-15 00:00:00,payment,
TXN-1743,16.44,2026-03-15 00:00:00,payment,
TXN-1744,84.09,2026-03-15 00:00:00,payment,
TXN-1745,19.88,2026-03-15 00:00:00,payment,
TXN-1746,100.83,2026-03-15 00:00:00,payment,
TXN-1747,69.66,2026-03-15 00:00:00,payment,
TXN-1748,29.16,2026-03-15 00:00:00,payment,
TXN-1749,55.97,2026-03-15 00:00:00,payment,
TXN-1750,110.39,2026-03-16 00:00:00,payment,
TXN-1751,94.15,2026-03-16 00:00:00,payment,
TXN-1752,44.81,2026-03-16 00:00:00,payment,
TXN-1753,15.88,2026-03-16 00:00:00,payment,
TXN-1754,57.68,2026-03-16 00:00:00,payment,
TXN-1755,143.15,2026-03-16 00:00:00,payment,
TXN-1756,128.06,2026-03-16 00:00:00,payment,
TXN-1757,10.05,2026-03-16 00:00:00,payment,
TXN-1758,39.22,2026-03-16 00:00:00,payment,
TXN-1759,57.51,2026-03-16 00:00:00,payment,
TXN-1760,92.74,2026-03-16 00:00:00,payment,
TXN-1761,142.58,2026-03-16 00:00:00,payment,
TXN-1762,69.37,2026-03-16 00:00:00,payment,
TXN-1763,88.22,2026-03-16 00:00:00,payment,
TXN-1764,62.71,2026-03-16 00:00:00,payment,
TXN-1765,41.19,2026-03-16 00:00:00,payment,
TXN-1766,8.76,2026-03-16 00:00:00,payment,
TXN-1767,77.36,2026-03-16 00:00:00,payment,
TXN-1768,137.46,2026-03-16 00:00:00,payment,
TXN-1769,42.96,2026-03-16 00:00:00,payment,
TXN-1770,107.09,2026-03-16 00:00:00,payment,
TXN-1771,149.47,2026-03-16 00:00:00,payment,
TXN-1772,105.63,2026-03-16 00:00:00,payment,
TXN-1773,34.03,2026-03-16 00:00:00,payment,
TXN-1774,128.66,2026-03-16 00:00:00,payment,
TXN-1775,30.04,2026-03-16 00:00:00,payment,
TXN-1776,149.6,2026-03-16 00:00:00,payment,
TXN-1777,101.84,2026-03-16 00:00:00,payment,
TXN-1778,84.75,2026-03-16 00:00:00,payment,
TXN-1779,134.24,2026-03-16 00:00:00,payment,
TXN-1780,108.21,2026-03-16 00:00:00,payment,
TXN-1781,120.09,2026-03-16 00:00:00,payment,
TXN-1782,22.6,2026-03-16 00:00:00,payment,
TXN-1783,119.85,2026-03-16 00:00:00,payment,
TXN-1784,119.6,2026-03-16 00:00:00,payment,
TXN-1785,57.33,2026-03-16 00:00:00,payment,
TXN-1786,72.77,2026-03-16 00:00:00,payment,
TXN-1787,93.73,2026-03-16 00:00:00,payment,
TXN-1788,14.53,2026-03-16 00:00:00,payment,
TXN-1789,149.94,2026-03-16 00:00:00,payment,
TXN-1790,81.23,2026-03-16 00:00:00,payment,
TXN-1791,124.38,2026-03-16 00:00:00,payment,
TXN-1792,23.17,2026-03-16 00:00:00,payment,
TXN-1793,98.14,2026-03-16 00:00:00,payment,
TXN-1794,72.55,2026-03-16 00:00:00,payment,
TXN-1795,23.61,2026-03-16 00:00:00,payment,
TXN-1796,116.33,2026-03-16 00:00:00,payment,
TXN-1797,67.73,2026-03-16 00:00:00,payment,
TXN-1798,125.55,2026-03-16 00:00:00,payment,
TXN-1799,49.1,2026-03-16 00:00:00,payment,
TXN-1800,51.79,2026-03-17 00:00:00,payment,
TXN-1801,55.17,2026-03-17 00:00:00,payment,
TXN-1802,127.66,2026-03-17 00:00:00,payment,
TXN-1803,33.46,2026-03-17 00:00:00,payment,
TXN-1804,23.15,2026-03-17 00:00:00,payment,
TXN-1805,94.09,2026-03-17 00:00:00,payment,
TXN-1806,77.87,2026-03-17 00:00:00,payment,
TXN-1807,90.81,2026-03-17 00:00:00,payment,
TXN-1808,29.82,2026-03-17 00:00:00,payment,
TXN-1809,127.17,2026-03-17 00:00:00,payment,
TXN-1810,124.66,2026-03-17 00:00:00,payment,
TXN-1811,16.78,2026-03-17 00:00:00,payment,
TXN-1812,99.41,2026-03-17 00:00:00,payment,
TXN-1813,94.63,2026-03-17 00:00:00,payment,
TXN-1814,77.22,2026-03-17 00:00:00,payment,
TXN-1815,98.08,2026-03-17 00:00:00,payment,
TXN-1816,75.03,2026-03-17 00:00:00,payment,
TXN-1817,48.13,2026-03-17 00:00:00,payment,
TXN-1818,104.85,2026-03-17 00:00:00,payment,
TXN-1819,68.74,2026-03-17 00:00:00,payment,
TXN-1820,72.34,2026-03-17 00:00:00,payment,
TXN-1821,92.97,2026-03-17 00:00:00,payment,
TXN-1822,129.92,2026-03-17 00:00:00,payment,
TXN-1823,111.46,2026-03-17 00:00:00,payment,
TXN-1824,146.43,2026-03-17 00:00:00,payment,
TXN-1825,115.3,2026-03-17 00:00:00,payment,
TXN-1826,51.27,2026-03-17 00:00:00,payment,
TXN-1827,22.77,2026-03-17 00:00:00,payment,
TXN-1828,40.95,2026-03-17 00:00:00,payment,
TXN-1829,12.34,2026-03-17 00:00:00,payment,
TXN-1830,130.3,2026-03-17 00:00:00,payment,
TXN-1831,41.0,2026-03-17 00:00:00,payment,
TXN-1832,122.95,2026-03-17 00:00:00,payment,
TXN-1833,32.53,2026-03-17 00:00:00,payment,
TXN-1834,77.25,2026-03-17 00:00:00,payment,
TXN-1835,77.32,2026-03-17 00:00:00,payment,
TXN-1836,77.12,2026-03-17 00:00:00,payment,
TXN-1837,142.06,2026-03-17 00:00:00,payment,
TXN-1838,145.17,2026-03-17 00:00:00,payment,
TXN-1839,89.58,2026-03-17 00:00:00,payment,
TXN-1840,12.33,2026-03-17 00:00:00,payment,
TXN-1841,91.64,2026-03-17 00:00:00,payment,
TXN-1842,46.43,2026-03-17 00:00:00,payment,
TXN-1843,127.84,2026-03-17 00:00:00,payment,
TXN-1844,24.42,2026-03-17 00:00:00,payment,
TXN-1845,110.49,2026-03-17 00:00:00,payment,
TXN-1846,58.06,2026-03-17 00:00:00,payment,
TXN-1847,12.42,2026-03-17 00:00:00,payment,
TXN-1848,57.57,2026-03-17 00:00:00,payment,
TXN-1849,15.66,2026-03-17 00:00:00,payment,
TXN-1850,115.84,2026-03-18 00:00:00,payment,
TXN-1851,124.67,2026-03-18 00:00:00,payment,
TXN-1852,23.66,2026-03-18 00:00:00,payment,
TXN-1853,62.12,2026-03-18 00:00:00,payment,
TXN-1854,85.89,2026-03-18 00:00:00,payment,
TXN-1855,114.47,2026-03-18 00:00:00,payment,
TXN-1856,92.36,2026-03-18 00:00:00,payment,
TXN-1857,77.51,2026-03-18 00:00:00,payment,
TXN-1858,10.64,2026-03-18 00:00:00,payment,
TXN-1859,121.58,2026-03-18 00:00:00,payment,
TXN-1860,26.6,2026-03-18 00:00:00,payment,
TXN-1861,52.56,2026-03-18 00:00:00,payment,
TXN-1862,28.56,2026-03-18 00:00:00,payment,
TXN-1863,91.09,2026-03-18 00:00:00,payment,
TXN-1864,107.77,2026-03-18 00:00:00,payment,
TXN-1865,73.86,2026-03-18 00:00:00,payment,
TXN-1866,58.41,2026-03-18 00:00:00,payment,
TXN-1867,147.09,2026-03-18 00:00:00,payment,
TXN-1868,120.53,2026-03-18 00:00:00,payment,
TXN-1869,91.55,2026-03-18 00:00:00,payment,
TXN-1870,145.23,2026-03-18 00:00:00,payment,
TXN-1871,109.6,2026-03-18 00:00:00,payment,
TXN-1872,29.72,2026-03-18 00:00:00,payment,
TXN-1873,26.43,2026-03-18 00:00:00,payment,
TXN-1874,9.58,2026-03-18 00:00:00,payment,
TXN-1875,32.66,2026-03-18 00:00:00,payment,
TXN-1876,50.49,2026-03-18 00:00:00,payment,
TXN-1877,64.88,2026-03-18 00:00:00,payment,
TXN-1878,64.5,2026-03-18 00:00:00,payment,
TXN-1879,131.56,2026-03-18 00:00:00,payment,
TXN-1880,107.34,2026-03-18 00:00:00,payment,
TXN-1881,86.33,2026-03-18 00:00:00,payment,
TXN-1882,81.19,2026-03-18 00:00:00,payment,
TXN-1883,143.72,2026-03-18 00:00:00,payment,
TXN-1884,137.26,2026-03-18 00:00:00,payment,
TXN-1885,84.21,2026-03-18 00:00:00,payment,
TXN-1886,93.46,2026-03-18 00:00:00,payment,
TXN-1887,143.81,2026-03-18 00:00:00,payment,
TXN-1888,85.92,2026-03-18 00:00:00,payment,
TXN-1889,141.52,2026-03-18 00:00:00,payment,
TXN-1890,116.82,2026-03-18 00:00:00,payment,
TXN-1891,105.08,2026-03-18 00:00:00,payment,
TXN-1892,50.97,2026-03-18 00:00:00,payment,
TXN-1893,86.27,2026-03-18 00:00:00,payment,
TXN-1894,46.73,2026-03-18 00:00:00,payment,
TXN-1895,134.89,2026-03-18 00:00:00,payment,
TXN-1896,123.66,2026-03-18 00:00:00,payment,
TXN-1897,47.12,2026-03-18 00:00:00,payment,
TXN-1898,143.52,2026-03-18 00:00:00,payment,
TXN-1899,55.22,2026-03-18 00:00:00,payment,
TXN-1900,100.12,2026-03-19 00:00:00,payment,
TXN-1901,36.03,2026-03-19 00:00:00,payment,
TXN-1902,140.29,2026-03-19 00:00:00,payment,
TXN-1903,24.9,2026-03-19 00:00:00,payment,
TXN-1904,40.16,2026-03-19 00:00:00,payment,
TXN-1905,97.5,2026-03-19 00:00:00,payment,
TXN-1906,19.53,2026-03-19 00:00:00,payment,
TXN-1907,109.02,2026-03-19 00:00:00,payment,
TXN-1908,103.77,2026-03-19 00:00:00,payment,
TXN-1909,5.75,2026-03-19 00:00:00,payment,
TXN-1910,64.0,2026-03-19 00:00:00,payment,
TXN-1911,74.23,2026-03-19 00:00:00,payment,
TXN-1912,114.61,2026-03-19 00:00:00,payment,
TXN-1913,51.57,2026-03-19 00:00:00,payment,
TXN-1914,136.65,2026-03-19 00:00:00,payment,
TXN-1915,99.58,2026-03-19 00:00:00,payment,
TXN-1916,82.6,2026-03-19 00:00:00,payment,
TXN-1917,137.42,2026-03-19 00:00:00,payment,
TXN-1918,65.59,2026-03-19 00:00:00,payment,
TXN-1919,140.42,2026-03-19 00:00:00,payment,
TXN-1920,149.59,2026-03-19 00:00:00,payment,
TXN-1921,119.25,2026-03-19 00:00:00,payment,
TXN-1922,140.81,2026-03-19 00:00:00,payment,
TXN-1923,132.13,2026-03-19 00:00:00,payment,
TXN-1924,48.27,2026-03-19 00:00:00,payment,
TXN-1925,139.63,2026-03-19 00:00:00,payment,
TXN-1926,46.26,2026-03-19 00:00:00,payment,
TXN-1927,133.94,2026-03-19 00:00:00,payment,
TXN-1928,128.4,2026-03-19 00:00:00,payment,
TXN-1929,44.56,2026-03-19 00:00:00,payment,
TXN-1930,52.95,2026-03-19 00:00:00,payment,
TXN-1931,99.0,2026-03-19 00:00:00,payment,
TXN-1932,7.04,2026-03-19 00:00:00,payment,
TXN-1933,119.66,2026-03-19 00:00:00,payment,
TXN-1934,30.45,2026-03-19 00:00:00,payment,
TXN-1935,124.91,2026-03-19 00:00:00,payment,
TXN-1936,17.58,2026-03-19 00:00:00,payment,
TXN-1937,31.79,2026-03-19 00:00:00,payment,
TXN-1938,74.23,2026-03-19 00:00:00,payment,
TXN-1939,5.99,2026-03-19 00:00:00,payment,
TXN-1940,39.15,2026-03-19 00:00:00,payment,
TXN-1941,143.34,2026-03-19 00:00:00,payment,
TXN-1942,89.46,2026-03-19 00:00:00,payment,
TXN-1943,42.93,2026-03-19 00:00:00,payment,
TXN-1944,105.45,2026-03-19 00:00:00,payment,
TXN-1945,101.83,2026-03-19 00:00:00,payment,
TXN-1946,49.49,2026-03-19 00:00:00,payment,
TXN-1947,104.48,2026-03-19 00:00:00,payment,
TXN-1948,105.09,2026-03-19 00:00:00,payment,
TXN-1949,58.29,2026-03-19 00:00:00,payment,
TXN-1950,36.77,2026-03-20 00:00:00,payment,
TXN-1951,74.34,2026-03-20 00:00:00,payment,
TXN-1952,113.42,2026-03-20 00:00:00,payment,
TXN-1953,65.3,2026-03-20 00:00:00,payment,
TXN-1954,114.82,2026-03-20 00:00:00,payment,
TXN-1955,115.47,2026-03-20 00:00:00,payment,
TXN-1956,81.2,2026-03-20 00:00:00,payment,
TXN-1957,16.32,2026-03-20 00:00:00,payment,
TXN-1958,13.95,2026-03-20 00:00:00,payment,
TXN-1959,88.04,2026-03-20 00:00:00,payment,
TXN-1960,28.86,2026-03-20 00:00:00,payment,
TXN-1961,21.85,2026-03-20 00:00:00,payment,
TXN-1962,108.95,2026-03-20 00:00:00,payment,
TXN-1963,18.19,2026-03-20 00:00:00,payment,
TXN-1964,122.26,2026-03-20 00:00:00,payment,
TXN-1965,24.13,2026-03-20 00:00:00,payment,
TXN-1966,71.24,2026-03-20 00:00:00,payment,
TXN-1967,86.03,2026-03-20 00:00:00,payment,
TXN-1968,109.88,2026-03-20 00:00:00,payment,
TXN-1969,41.9,2026-03-20 00:00:00,payment,
TXN-1970,113.14,2026-03-20 00:00:00,payment,
TXN-1971,11.57,2026-03-20 00:00:00,payment,
TXN-1972,106.56,2026-03-20 00:00:00,payment,
TXN-1973,140.51,2026-03-20 00:00:00,payment,
TXN-1974,147.99,2026-03-20 00:00:00,payment,
TXN-1975,9.6,2026-03-20 00:00:00,payment,
TXN-1976,31.1,2026-03-20 00:00:00,payment,
TXN-1977,116.05,2026-03-20 00:00:00,payment,
TXN-1978,59.3,2026-03-20 00:00:00,payment,
TXN-1979,70.04,2026-03-20 00:00:00,payment,
TXN-1980,59.47,2026-03-20 00:00:00,payment,
TXN-1981,99.76,2026-03-20 00:00:00,payment,
TXN-1982,22.2,2026-03-20 00:00:00,payment,
TXN-1983,81.68,2026-03-20 00:00:00,payment,
TXN-1984,126.05,2026-03-20 00:00:00,payment,
TXN-1985,146.88,2026-03-20 00:00:00,payment,
TXN-1986,102.66,2026-03-20 00:00:00,payment,
TXN-1987,82.13,2026-03-20 00:00:00,payment,
TXN-1988,40.89,2026-03-20 00:00:00,payment,
TXN-1989,27.49,2026-03-20 00:00:00,payment,
TXN-1990,140.92,2026-03-20 00:00:00,payment,
TXN-1991,9.67,2026-03-20 00:00:00,payment,
TXN-1992,94.16,2026-03-20 00:00:00,payment,
TXN-1993,39.9,2026-03-20 00:00:00,payment,
TXN-1994,19.63,2026-03-20 00:00:00,payment,
TXN-1995,69.73,2026-03-20 00:00:00,payment,
TXN-1996,40.49,2026-03-20 00:00:00,payment,
TXN-1997,63.33,2026-03-20 00:00:00,payment,
TXN-1998,83.27,2026-03-20 00:00:00,payment,
TXN-1999,25.32,2026-03-20 00:00:00,payment,
TXN-2000,38.95,2026-03-21 00:00:00,payment,
TXN-2001,88.73,2026-03-21 00:00:00,payment,
TXN-2002,39.35,2026-03-21 00:00:00,payment,
TXN-2003,147.93,2026-03-21 00:00:00,payment,
TXN-2004,64.97,2026-03-21 00:00:00,payment,
TXN-2005,13.84,2026-03-21 00:00:00,payment,
TXN-2006,95.77,2026-03-21 00:00:00,payment,
TXN-2007,85.6,2026-03-21 00:00:00,payment,
TXN-2008,145.98,2026-03-21 00:00:00,payment,
TXN-2009,118.94,2026-03-21 00:00:00,payment,
TXN-2010,105.96,2026-03-21 00:00:00,payment,
TXN-2011,26.64,2026-03-21 00:00:00,payment,
TXN-2012,31.66,2026-03-21 00:00:00,payment,
TXN-2013,39.94,2026-03-21 00:00:00,payment,
TXN-2014,48.61,2026-03-21 00:00:00,payment,
TXN-2015,121.84,2026-03-21 00:00:00,payment,
TXN-2016,86.55,2026-03-21 00:00:00,payment,
TXN-2017,85.81,2026-03-21 00:00:00,payment,
TXN-2018,61.32,2026-03-21 00:00:00,payment,
TXN-2019,34.48,2026-03-21 00:00:00,payment,
TXN-2020,138.72,2026-03-21 00:00:00,payment,
TXN-2021,18.41,2026-03-21 00:00:00,payment,
TXN-2022,12.47,2026-03-21 00:00:00,payment,
TXN-2023,102.68,2026-03-21 00:00:00,payment,
TXN-2024,131.67,2026-03-21 00:00:00,payment,
TXN-2025,121.67,2026-03-21 00:00:00,payment,
TXN-2026,74.51,2026-03-21 00:00:00,payment,
TXN-2027,48.96,2026-03-21 00:00:00,payment,
TXN-2028,35.71,2026-03-21 00:00:00,payment,
TXN-2029,144.5,2026-03-21 00:00:00,payment,
TXN-2030,113.3,2026-03-21 00:00:00,payment,
TXN-2031,137.59,2026-03-21 00:00:00,payment,
TXN-2032,62.51,2026-03-21 00:00:00,payment,
TXN-2033,85.05,2026-03-21 00:00:00,payment,
TXN-2034,60.2,2026-03-21 00:00:00,payment,
TXN-2035,49.72,2026-03-21 00:00:00,payment,
TXN-2036,79.36,2026-03-21 00:00:00,payment,
TXN-2037,72.57,2026-03-21 00:00:00,payment,
TXN-2038,115.44,2026-03-21 00:00:00,payment,
TXN-2039,137.58,2026-03-21 00:00:00,payment,
TXN-2040,50.37,2026-03-21 00:00:00,payment,
TXN-2041,86.57,2026-03-21 00:00:00,payment,
TXN-2042,112.48,2026-03-21 00:00:00,payment,
TXN-2043,42.81,2026-03-21 00:00:00,payment,
TXN-2044,47.8,2026-03-21 00:00:00,payment,
TXN-2045,52.83,2026-03-21 00:00:00,payment,
TXN-2046,87.62,2026-03-21 00:00:00,payment,
TXN-2047,77.4,2026-03-21 00:00:00,payment,
TXN-2048,42.31,2026-03-21 00:00:00,payment,
TXN-2049,145.14,2026-03-21 00:00:00,payment,
TXN-2050,71.82,2026-03-22 00:00:00,payment,
TXN-2051,29.54,2026-03-22 00:00:00,payment,
TXN-2052,31.69,2026-03-22 00:00:00,payment,
TXN-2053,80.97,2026-03-22 00:00:00,payment,
TXN-2054,142.05,2026-03-22 00:00:00,payment,
TXN-2055,115.83,2026-03-22 00:00:00,payment,
TXN-2056,24.94,2026-03-22 00:00:00,payment,
TXN-2057,14.86,2026-03-22 00:00:00,payment,
TXN-2058,6.33,2026-03-22 00:00:00,payment,
TXN-2059,59.11,2026-03-22 00:00:00,payment,
TXN-2060,100.6,2026-03-22 00:00:00,payment,
TXN-2061,5.96,2026-03-22 00:00:00,payment,
TXN-2062,6.72,2026-03-22 00:00:00,payment,
TXN-2063,82.68,2026-03-22 00:00:00,payment,
TXN-2064,7.49,2026-03-22 00:00:00,payment,
TXN-2065,121.89,2026-03-22 00:00:00,payment,
TXN-2066,20.52,2026-03-22 00:00:00,payment,
TXN-2067,81.04,2026-03-22 00:00:00,payment,
TXN-2068,32.83,2026-03-22 00:00:00,payment,
TXN-2069,123.21,2026-03-22 00:00:00,payment,
TXN-2070,120.27,2026-03-22 00:00:00,payment,
TXN-2071,59.09,2026-03-22 00:00:00,payment,
TXN-2072,71.55,2026-03-22 00:00:00,payment,
TXN-2073,148.58,2026-03-22 00:00:00,payment,
TXN-2074,48.5,2026-03-22 00:00:00,payment,
TXN-2075,99.79,2026-03-22 00:00:00,payment,
TXN-2076,18.56,2026-03-22 00:00:00,payment,
TXN-2077,59.69,2026-03-22 00:00:00,payment,
TXN-2078,13.14,2026-03-22 00:00:00,payment,
TXN-2079,106.91,2026-03-22 00:00:00,payment,
TXN-2080,77.48,2026-03-22 00:00:00,payment,
TXN-2081,98.51,2026-03-22 00:00:00,payment,
TXN-2082,87.05,2026-03-22 00:00:00,payment,
TXN-2083,134.74,2026-03-22 00:00:00,payment,
TXN-2084,38.32,2026-03-22 00:00:00,payment,
TXN-2085,44.31,2026-03-22 00:00:00,payment,
TXN-2086,104.24,2026-03-22 00:00:00,payment,
TXN-2087,135.4,2026-03-22 00:00:00,payment,
TXN-2088,31.01,2026-03-22 00:00:00,payment,
TXN-2089,7.27,2026-03-22 00:00:00,payment,
TXN-2090,90.12,2026-03-22 00:00:00,payment,
TXN-2091,139.69,2026-03-22 00:00:00,payment,
TXN-2092,28.56,2026-03-22 00:00:00,payment,
TXN-2093,87.17,2026-03-22 00:00:00,payment,
TXN-2094,103.17,2026-03-22 00:00:00,payment,
TXN-2095,60.66,2026-03-22 00:00:00,payment,
TXN-2096,119.62,2026-03-22 00:00:00,payment,
TXN-2097,77.61,2026-03-22 00:00:00,payment,
TXN-2098,12.79,2026-03-22 00:00:00,payment,
TXN-2099,38.66,2026-03-22 00:00:00,payment,
TXN-2100,54.39,2026-03-23 00:00:00,payment,
TXN-2101,145.49,2026-03-23 00:00:00,payment,
TXN-2102,9.3,2026-03-23 00:00:00,payment,
TXN-2103,118.61,2026-03-23 00:00:00,payment,
TXN-2104,76.14,2026-03-23 00:00:00,payment,
TXN-2105,85.19,2026-03-23 00:00:00,payment,
TXN-2106,67.62,2026-03-23 00:00:00,payment,
TXN-2107,17.43,2026-03-23 00:00:00,payment,
TXN-2108,120.72,2026-03-23 00:00:00,payment,
TXN-2109,16.9,2026-03-23 00:00:00,payment,
TXN-2110,60.1,2026-03-23 00:00:00,payment,
TXN-2111,112.25,2026-03-23 00:00:00,payment,
TXN-2112,57.3,2026-03-23 00:00:00,payment,
TXN-2113,5.75,2026-03-23 00:00:00,payment,
TXN-2114,69.49,2026-03-23 00:00:00,payment,
TXN-2115,19.82,2026-03-23 00:00:00,payment,
TXN-2116,32.17,2026-03-23 00:00:00,payment,
TXN-2117,85.76,2026-03-23 00:00:00,payment,
TXN-2118,19.98,2026-03-23 00:00:00,payment,
TXN-2119,56.32,2026-03-23 00:00:00,payment,
TXN-2120,91.55,2026-03-23 00:00:00,payment,
TXN-2121,130.24,2026-03-23 00:00:00,payment,
TXN-2122,47.32,2026-03-23 00:00:00,payment,
TXN-2123,117.98,2026-03-23 00:00:00,payment,
TXN-2124,87.93,2026-03-23 00:00:00,payment,
TXN-2125,104.37,2026-03-23 00:00:00,payment,
TXN-2126,25.13,2026-03-23 00:00:00,payment,
TXN-2127,43.92,2026-03-23 00:00:00,payment,
TXN-2128,14.17,2026-03-23 00:00:00,payment,
TXN-2129,45.01,2026-03-23 00:00:00,payment,
TXN-2130,75.21,2026-03-23 00:00:00,payment,
TXN-2131,57.36,2026-03-23 00:00:00,payment,
TXN-2132,109.53,2026-03-23 00:00:00,payment,
TXN-2133,91.1,2026-03-23 00:00:00,payment,
TXN-2134,71.39,2026-03-23 00:00:00,payment,
TXN-2135,49.18,2026-03-23 00:00:00,payment,
TXN-2136,53.17,2026-03-23 00:00:00,payment,
TXN-2137,121.59,2026-03-23 00:00:00,payment,
TXN-2138,68.83,2026-03-23 00:00:00,payment,
TXN-2139,123.24,2026-03-23 00:00:00,payment,
TXN-2140,48.56,2026-03-23 00:00:00,payment,
TXN-2141,74.46,2026-03-23 00:00:00,payment,
TXN-2142,144.86,2026-03-23 00:00:00,payment,
TXN-2143,47.26,2026-03-23 00:00:00,payment,
TXN-2144,145.33,2026-03-23 00:00:00,payment,
TXN-2145,52.25,2026-03-23 00:00:00,payment,
TXN-2146,123.39,2026-03-23 00:00:00,payment,
TXN-2147,57.93,2026-03-23 00:00:00,payment,
TXN-2148,90.87,2026-03-23 00:00:00,payment,
TXN-2149,103.85,2026-03-23 00:00:00,payment,
TXN-2150,143.19,2026-03-24 00:00:00,payment,
TXN-2151,141.73,2026-03-24 00:00:00,payment,
TXN-2152,68.58,2026-03-24 00:00:00,payment,
TXN-2153,125.54,2026-03-24 00:00:00,payment,
TXN-2154,123.75,2026-03-24 00:00:00,payment,
TXN-2155,102.58,2026-03-24 00:00:00,payment,
TXN-2156,96.83,2026-03-24 00:00:00,payment,
TXN-2157,41.64,2026-03-24 00:00:00,payment,
TXN-2158,108.71,2026-03-24 00:00:00,payment,
TXN-2159,15.72,2026-03-24 00:00:00,payment,
TXN-2160,89.43,2026-03-24 00:00:00,payment,
TXN-2161,83.83,2026-03-24 00:00:00,payment,
TXN-2162,106.74,2026-03-24 00:00:00,payment,
TXN-2163,20.86,2026-03-24 00:00:00,payment,
TXN-2164,100.35,2026-03-24 00:00:00,payment,
TXN-2165,29.12,2026-03-24 00:00:00,payment,
TXN-2166,86.67,2026-03-24 00:00:00,payment,
TXN-2167,145.19,2026-03-24 00:00:00,payment,
TXN-2168,145.03,2026-03-24 00:00:00,payment,
TXN-2169,20.36,2026-03-24 00:00:00,payment,
TXN-2170,42.52,2026-03-24 00:00:00,payment,
TXN-2171,69.64,2026-03-24 00:00:00,payment,
TXN-2172,72.14,2026-03-24 00:00:00,payment,
TXN-2173,55.02,2026-03-24 00:00:00,payment,
TXN-2174,75.0,2026-03-24 00:00:00,payment,
TXN-2175,65.32,2026-03-24 00:00:00,payment,
TXN-2176,21.83,2026-03-24 00:00:00,payment,
TXN-2177,55.51,2026-03-24 00:00:00,payment,
TXN-2178,71.02,2026-03-24 00:00:00,payment,
TXN-2179,80.56,2026-03-24 00:00:00,payment,
TXN-2180,74.04,2026-03-24 00:00:00,payment,
TXN-2181,109.69,2026-03-24 00:00:00,payment,
TXN-2182,51.24,2026-03-24 00:00:00,payment,
TXN-2183,11.48,2026-03-24 00:00:00,payment,
TXN-2184,8.27,2026-03-24 00:00:00,payment,
TXN-2185,98.96,2026-03-24 00:00:00,payment,
TXN-2186,139.84,2026-03-24 00:00:00,payment,
TXN-2187,79.82,2026-03-24 00:00:00,payment,
TXN-2188,52.99,2026-03-24 00:00:00,payment,
TXN-2189,143.98,2026-03-24 00:00:00,payment,
TXN-2190,120.67,2026-03-24 00:00:00,payment,
TXN-2191,32.03,2026-03-24 00:00:00,payment,
TXN-2192,62.36,2026-03-24 00:00:00,payment,
TXN-2193,70.19,2026-03-24 00:00:00,payment,
TXN-2194,61.38,2026-03-24 00:00:00,payment,
TXN-2195,34.84,2026-03-24 00:00:00,payment,
TXN-2196,88.72,2026-03-24 00:00:00,payment,
TXN-2197,58.04,2026-03-24 00:00:00,payment,
TXN-2198,71.34,2026-03-24 00:00:00,payment,
TXN-2199,102.25,2026-03-24 00:00:00,payment,
TXN-2200,81.52,2026-03-25 00:00:00,payment,
TXN-2201,91.56,2026-03-25 00:00:00,payment,
TXN-2202,90.12,2026-03-25 00:00:00,payment,
TXN-2203,56.04,2026-03-25 00:00:00,payment,
TXN-2204,94.52,2026-03-25 00:00:00,payment,
TXN-2205,138.21,2026-03-25 00:00:00,payment,
TXN-2206,102.46,2026-03-25 00:00:00,payment,
TXN-2207,22.09,2026-03-25 00:00:00,payment,
TXN-2208,21.96,2026-03-25 00:00:00,payment,
TXN-2209,105.55,2026-03-25 00:00:00,payment,
TXN-2210,65.64,2026-03-25 00:00:00,payment,
TXN-2211,88.35,2026-03-25 00:00:00,payment,
TXN-2212,31.93,2026-03-25 00:00:00,payment,
TXN-2213,85.46,2026-03-25 00:00:00,payment,
TXN-2214,46.88,2026-03-25 00:00:00,payment,
TXN-2215,50.61,2026-03-25 00:00:00,payment,
TXN-2216,94.81,2026-03-25 00:00:00,payment,
TXN-2217,143.02,2026-03-25 00:00:00,payment,
TXN-2218,24.8,2026-03-25 00:00:00,payment,
TXN-2219,144.76,2026-03-25 00:00:00,payment,
TXN-2220,64.32,2026-03-25 00:00:00,payment,
TXN-2221,65.27,2026-03-25 00:00:00,payment,
TXN-2222,75.86,2026-03-25 00:00:00,payment,
TXN-2223,86.98,2026-03-25 00:00:00,payment,
TXN-2224,47.35,2026-03-25 00:00:00,payment,
TXN-2225,37.6,2026-03-25 00:00:00,payment,
TXN-2226,29.39,2026-03-25 00:00:00,payment,
TXN-2227,87.02,2026-03-25 00:00:00,payment,
TXN-2228,84.71,2026-03-25 00:00:00,payment,
TXN-2229,88.04,2026-03-25 00:00:00,payment,
TXN-2230,117.39,2026-03-25 00:00:00,payment,
TXN-2231,83.6,2026-03-25 00:00:00,payment,
TXN-2232,115.2,2026-03-25 00:00:00,payment,
TXN-2233,84.22,2026-03-25 00:00:00,payment,
TXN-2234,19.85,2026-03-25 00:00:00,payment,
TXN-2235,48.17,2026-03-25 00:00:00,payment,
TXN-2236,70.21,2026-03-25 00:00:00,payment,
TXN-2237,130.02,2026-03-25 00:00:00,payment,
TXN-2238,68.67,2026-03-25 00:00:00,payment,
TXN-2239,117.47,2026-03-25 00:00:00,payment,
TXN-2240,35.43,2026-03-25 00:00:00,payment,
TXN-2241,129.85,2026-03-25 00:00:00,payment,
TXN-2242,29.07,2026-03-25 00:00:00,payment,
TXN-2243,118.8,2026-03-25 00:00:00,payment,
TXN-2244,121.79,2026-03-25 00:00:00,payment,
TXN-2245,82.18,2026-03-25 00:00:00,payment,
TXN-2246,51.93,2026-03-25 00:00:00,payment,
TXN-2247,46.95,2026-03-25 00:00:00,payment,
TXN-2248,143.1,2026-03-25 00:00:00,payment,
TXN-2249,24.66,2026-03-25 00:00:00,payment,
TXN-2250,138.22,2026-03-26 00:00:00,payment,
TXN-2251,130.72,2026-03-26 00:00:00,payment,
TXN-2252,106.71,2026-03-26 00:00:00,payment,
TXN-2253,41.2,2026-03-26 00:00:00,payment,
TXN-2254,125.13,2026-03-26 00:00:00,payment,
TXN-2255,75.97,2026-03-26 00:00:00,payment,
TXN-2256,96.03,2026-03-26 00:00:00,payment,
TXN-2257,70.54,2026-03-26 00:00:00,payment,
TXN-2258,63.41,2026-03-26 00:00:00,payment,
TXN-2259,105.73,2026-03-26 00:00:00,payment,
TXN-2260,70.93,2026-03-26 00:00:00,payment,
TXN-2261,52.46,2026-03-26 00:00:00,payment,
TXN-2262,130.99,2026-03-26 00:00:00,payment,
TXN-2263,110.99,2026-03-26 00:00:00,payment,
TXN-2264,97.05,2026-03-26 00:00:00,payment,
TXN-2265,128.27,2026-03-26 00:00:00,payment,
TXN-2266,36.59,2026-03-26 00:00:00,payment,
TXN-2267,124.6,2026-03-26 00:00:00,payment,
TXN-2268,43.94,2026-03-26 00:00:00,payment,
TXN-2269,53.97,2026-03-26 00:00:00,payment,
TXN-2270,87.09,2026-03-26 00:00:00,payment,
TXN-2271,119.3,2026-03-26 00:00:00,payment,
TXN-2272,11.66,2026-03-26 00:00:00,payment,
TXN-2273,7.36,2026-03-26 00:00:00,payment,
TXN-2274,68.99,2026-03-26 00:00:00,payment,
TXN-2275,148.82,2026-03-26 00:00:00,payment,
TXN-2276,34.34,2026-03-26 00:00:00,payment,
TXN-2277,132.91,2026-03-26 00:00:00,payment,
TXN-2278,28.05,2026-03-26 00:00:00,payment,
TXN-2279,18.53,2026-03-26 00:00:00,payment,
TXN-2280,41.31,2026-03-26 00:00:00,payment,
TXN-2281,101.35,2026-03-26 00:00:00,payment,
TXN-2282,12.51,2026-03-26 00:00:00,payment,
TXN-2283,110.27,2026-03-26 00:00:00,payment,
TXN-2284,67.24,2026-03-26 00:00:00,payment,
TXN-2285,107.04,2026-03-26 00:00:00,payment,
TXN-2286,35.95,2026-03-26 00:00:00,payment,
TXN-2287,24.24,2026-03-26 00:00:00,payment,
TXN-2288,80.32,2026-03-26 00:00:00,payment,
TXN-2289,6.35,2026-03-26 00:00:00,payment,
TXN-2290,123.48,2026-03-26 00:00:00,payment,
TXN-2291,105.63,2026-03-26 00:00:00,payment,
TXN-2292,15.27,2026-03-26 00:00:00,payment,
TXN-2293,17.95,2026-03-26 00:00:00,payment,
TXN-2294,19.96,2026-03-26 00:00:00,payment,
TXN-2295,132.74,2026-03-26 00:00:00,payment,
TXN-2296,60.49,2026-03-26 00:00:00,payment,
TXN-2297,98.03,2026-03-26 00:00:00,payment,
TXN-2298,14.92,2026-03-26 00:00:00,payment,
TXN-2299,93.5,2026-03-26 00:00:00,payment,
TXN-2300,68.81,2026-03-27 00:00:00,payment,
TXN-2301,96.07,2026-03-27 00:00:00,payment,
TXN-2302,138.38,2026-03-27 00:00:00,payment,
TXN-2303,129.69,2026-03-27 00:00:00,payment,
TXN-2304,135.01,2026-03-27 00:00:00,payment,
TXN-2305,114.1,2026-03-27 00:00:00,payment,
TXN-2306,55.97,2026-03-27 00:00:00,payment,
TXN-2307,50.6,2026-03-27 00:00:00,payment,
TXN-2308,40.93,2026-03-27 00:00:00,payment,
TXN-2309,40.98,2026-03-27 00:00:00,payment,
TXN-2310,117.95,2026-03-27 00:00:00,payment,
TXN-2311,127.94,2026-03-27 00:00:00,payment,
TXN-2312,34.79,2026-03-27 00:00:00,payment,
TXN-2313,113.44,2026-03-27 00:00:00,payment,
TXN-2314,98.69,2026-03-27 00:00:00,payment,
TXN-2315,76.76,2026-03-27 00:00:00,payment,
TXN-2316,39.96,2026-03-27 00:00:00,payment,
TXN-2317,81.6,2026-03-27 00:00:00,payment,
TXN-2318,148.1,2026-03-27 00:00:00,payment,
TXN-2319,24.14,2026-03-27 00:00:00,payment,
TXN-2320,57.98,2026-03-27 00:00:00,payment,
TXN-2321,115.6,2026-03-27 00:00:00,payment,
TXN-2322,7.42,2026-03-27 00:00:00,payment,
TXN-2323,7.0,2026-03-27 00:00:00,payment,
TXN-2324,10.77,2026-03-27 00:00:00,payment,
TXN-2325,142.56,2026-03-27 00:00:00,payment,
TXN-2326,78.46,2026-03-27 00:00:00,payment,
TXN-2327,66.42,2026-03-27 00:00:00,payment,
TXN-2328,16.95,2026-03-27 00:00:00,payment,
TXN-2329,45.23,2026-03-27 00:00:00,payment,
TXN-2330,16.46,2026-03-27 00:00:00,payment,
TXN-2331,146.28,2026-03-27 00:00:00,payment,
TXN-2332,82.78,2026-03-27 00:00:00,payment,
TXN-2333,90.03,2026-03-27 00:00:00,payment,
TXN-2334,49.97,2026-03-27 00:00:00,payment,
TXN-2335,110.84,2026-03-27 00:00:00,payment,
TXN-2336,13.4,2026-03-27 00:00:00,payment,
TXN-2337,139.07,2026-03-27 00:00:00,payment,
TXN-2338,70.74,2026-03-27 00:00:00,payment,
TXN-2339,49.85,2026-03-27 00:00:00,payment,
TXN-2340,22.32,2026-03-27 00:00:00,payment,
TXN-2341,106.72,2026-03-27 00:00:00,payment,
TXN-2342,76.98,2026-03-27 00:00:00,payment,
TXN-2343,80.84,2026-03-27 00:00:00,payment,
TXN-2344,29.21,2026-03-27 00:00:00,payment,
TXN-2345,113.72,2026-03-27 00:00:00,payment,
TXN-2346,111.28,2026-03-27 00:00:00,payment,
TXN-2347,116.86,2026-03-27 00:00:00,payment,
TXN-2348,53.58,2026-03-27 00:00:00,payment,
TXN-2349,44.44,2026-03-27 00:00:00,payment,
TXN-2350,43.13,2026-03-28 00:00:00,payment,
TXN-2351,76.94,2026-03-28 00:00:00,payment,
TXN-2352,13.04,2026-03-28 00:00:00,payment,
TXN-2353,58.31,2026-03-28 00:00:00,payment,
TXN-2354,117.13,2026-03-28 00:00:00,payment,
TXN-2355,38.12,2026-03-28 00:00:00,payment,
TXN-2356,11.39,2026-03-28 00:00:00,payment,
TXN-2357,40.46,2026-03-28 00:00:00,payment,
TXN-2358,57.78,2026-03-28 00:00:00,payment,
TXN-2359,30.95,2026-03-28 00:00:00,payment,
TXN-2360,85.17,2026-03-28 00:00:00,payment,
TXN-2361,37.55,2026-03-28 00:00:00,payment,
TXN-2362,65.36,2026-03-28 00:00:00,payment,
TXN-2363,44.33,2026-03-28 00:00:00,payment,
TXN-2364,87.87,2026-03-28 00:00:00,payment,
TXN-2365,77.8,2026-03-28 00:00:00,payment,
TXN-2366,31.0,2026-03-28 00:00:00,payment,
TXN-2367,143.34,2026-03-28 00:00:00,payment,
TXN-2368,132.16,2026-03-28 00:00:00,payment,
TXN-2369,117.16,2026-03-28 00:00:00,payment,
TXN-2370,52.46,2026-03-28 00:00:00,payment,
TXN-2371,6.16,2026-03-28 00:00:00,payment,
TXN-2372,47.28,2026-03-28 00:00:00,payment,
TXN-2373,112.24,2026-03-28 00:00:00,payment,
TXN-2374,72.27,2026-03-28 00:00:00,payment,
TXN-2375,149.68,2026-03-28 00:00:00,payment,
TXN-2376,111.21,2026-03-28 00:00:00,payment,
TXN-2377,26.83,2026-03-28 00:00:00,payment,
TXN-2378,8.47,2026-03-28 00:00:00,payment,
TXN-2379,97.21,2026-03-28 00:00:00,payment,
TXN-2380,142.89,2026-03-28 00:00:00,payment,
TXN-2381,115.04,2026-03-28 00:00:00,payment,
TXN-2382,128.11,2026-03-28 00:00:00,payment,
TXN-2383,20.07,2026-03-28 00:00:00,payment,
TXN-2384,65.87,2026-03-28 00:00:00,payment,
TXN-2385,146.02,2026-03-28 00:00:00,payment,
TXN-2386,108.19,2026-03-28 00:00:00,payment,
TXN-2387,11.37,2026-03-28 00:00:00,payment,
TXN-2388,135.11,2026-03-28 00:00:00,payment,
TXN-2389,106.62,2026-03-28 00:00:00,payment,
TXN-2390,71.48,2026-03-28 00:00:00,payment,
TXN-2391,89.21,2026-03-28 00:00:00,payment,
TXN-2392,97.4,2026-03-28 00:00:00,payment,
TXN-2393,15.85,2026-03-28 00:00:00,payment,
TXN-2394,68.07,2026-03-28 00:00:00,payment,
TXN-2395,39.33,2026-03-28 00:00:00,payment,
TXN-2396,128.38,2026-03-28 00:00:00,payment,
TXN-2397,106.61,2026-03-28 00:00:00,payment,
TXN-2398,51.12,2026-03-28 00:00:00,payment,
TXN-2399,38.87,2026-03-28 00:00:00,payment,
TXN-2400,24.74,2026-03-29 00:00:00,payment,
TXN-2401,27.53,2026-03-29 00:00:00,payment,
TXN-2402,70.19,2026-03-29 00:00:00,payment,
TXN-2403,63.94,2026-03-29 00:00:00,payment,
TXN-2404,144.87,2026-03-29 00:00:00,payment,
TXN-2405,70.53,2026-03-29 00:00:00,payment,
TXN-2406,43.43,2026-03-29 00:00:00,payment,
TXN-2407,18.11,2026-03-29 00:00:00,payment,
TXN-2408,124.83,2026-03-29 00:00:00,payment,
TXN-2409,36.18,2026-03-29 00:00:00,payment,
TXN-2410,26.51,2026-03-29 00:00:00,payment,
TXN-2411,145.42,2026-03-29 00:00:00,payment,
TXN-2412,79.45,2026-03-29 00:00:00,payment,
TXN-2413,42.72,2026-03-29 00:00:00,payment,
TXN-2414,9.51,2026-03-29 00:00:00,payment,
TXN-2415,128.92,2026-03-29 00:00:00,payment,
TXN-2416,18.74,2026-03-29 00:00:00,payment,
TXN-2417,121.57,2026-03-29 00:00:00,payment,
TXN-2418,22.61,2026-03-29 00:00:00,payment,
TXN-2419,125.4,2026-03-29 00:00:00,payment,
TXN-2420,23.95,2026-03-29 00:00:00,payment,
TXN-2421,58.97,2026-03-29 00:00:00,payment,
TXN-2422,89.44,2026-03-29 00:00:00,payment,
TXN-2423,138.03,2026-03-29 00:00:00,payment,
TXN-2424,8.16,2026-03-29 00:00:00,payment,
TXN-2425,33.67,2026-03-29 00:00:00,payment,
TXN-2426,122.35,2026-03-29 00:00:00,payment,
TXN-2427,136.24,2026-03-29 00:00:00,payment,
TXN-2428,22.77,2026-03-29 00:00:00,payment,
TXN-2429,12.34,2026-03-29 00:00:00,payment,
TXN-2430,124.14,2026-03-29 00:00:00,payment,
TXN-2431,76.94,2026-03-29 00:00:00,payment,
TXN-2432,104.07,2026-03-29 00:00:00,payment,
TXN-2433,56.32,2026-03-29 00:00:00,payment,
TXN-2434,44.87,2026-03-29 00:00:00,payment,
TXN-2435,133.1,2026-03-29 00:00:00,payment,
TXN-2436,94.05,2026-03-29 00:00:00,payment,
TXN-2437,98.86,2026-03-29 00:00:00,payment,
TXN-2438,64.74,2026-03-29 00:00:00,payment,
TXN-2439,13.84,2026-03-29 00:00:00,payment,
TXN-2440,60.54,2026-03-29 00:00:00,payment,
TXN-2441,33.92,2026-03-29 00:00:00,payment,
TXN-2442,96.46,2026-03-29 00:00:00,payment,
TXN-2443,148.46,2026-03-29 00:00:00,payment,
TXN-2444,74.55,2026-03-29 00:00:00,payment,
TXN-2445,54.88,2026-03-29 00:00:00,payment,
TXN-2446,61.32,2026-03-29 00:00:00,payment,
TXN-2447,8.78,2026-03-29 00:00:00,payment,
TXN-2448,9.25,2026-03-29 00:00:00,payment,
TXN-2449,13.5,2026-03-29 00:00:00,payment,
TXN-2450,81.77,2026-03-30 00:00:00,payment,
TXN-2451,146.23,2026-03-30 00:00:00,payment,
TXN-2452,40.94,2026-03-30 00:00:00,payment,
TXN-2453,43.65,2026-03-30 00:00:00,payment,
TXN-2454,115.79,2026-03-30 00:00:00,payment,
TXN-2455,88.48,2026-03-30 00:00:00,payment,
TXN-2456,56.45,2026-03-30 00:00:00,payment,
TXN-2457,30.53,2026-03-30 00:00:00,payment,
TXN-2458,121.9,2026-03-30 00:00:00,payment,
TXN-2459,137.53,2026-03-30 00:00:00,payment,
TXN-2460,107.0,2026-03-30 00:00:00,payment,
TXN-2461,142.4,2026-03-30 00:00:00,payment,
TXN-2462,86.65,2026-03-30 00:00:00,payment,
TXN-2463,126.32,2026-03-30 00:00:00,payment,
TXN-2464,83.61,2026-03-30 00:00:00,payment,
TXN-2465,76.11,2026-03-30 00:00:00,payment,
TXN-2466,13.14,2026-03-30 00:00:00,payment,
TXN-2467,7.89,2026-03-30 00:00:00,payment,
TXN-2468,5.1,2026-03-30 00:00:00,payment,
TXN-2469,121.93,2026-03-30 00:00:00,payment,
TXN-2470,108.96,2026-03-30 00:00:00,payment,
TXN-2471,13.64,2026-03-30 00:00:00,payment,
TXN-2472,90.06,2026-03-30 00:00:00,payment,
TXN-2473,117.28,2026-03-30 00:00:00,payment,
TXN-2474,144.28,2026-03-30 00:00:00,payment,
TXN-2475,107.16,2026-03-30 00:00:00,payment,
TXN-2476,89.97,2026-03-30 00:00:00,payment,
TXN-2477,48.76,2026-03-30 00:00:00,payment,
TXN-2478,146.5,2026-03-30 00:00:00,payment,
TXN-2479,119.82,2026-03-30 00:00:00,payment,
TXN-2480,99.13,2026-03-30 00:00:00,payment,
TXN-2481,107.54,2026-03-30 00:00:00,payment,
TXN-2482,37.37,2026-03-30 00:00:00,payment,
TXN-2483,59.87,2026-03-30 00:00:00,payment,
TXN-2484,23.47,2026-03-30 00:00:00,payment,
TXN-2485,142.57,2026-03-30 00:00:00,payment,
TXN-2486,128.36,2026-03-30 00:00:00,payment,
TXN-2487,31.4,2026-03-30 00:00:00,payment,
TXN-2488,138.55,2026-03-30 00:00:00,payment,
TXN-2489,97.75,2026-03-30 00:00:00,payment,
TXN-2490,140.82,2026-03-30 00:00:00,payment,
TXN-2491,53.02,2026-03-30 00:00:00,payment,
TXN-2492,39.51,2026-03-30 00:00:00,payment,
TXN-2493,29.34,2026-03-30 00:00:00,payment,
TXN-2494,124.14,2026-03-30 00:00:00,payment,
TXN-2495,69.76,2026-03-30 00:00:00,payment,
TXN-2496,35.4,2026-03-30 00:00:00,payment,
TXN-2497,55.82,2026-03-30 00:00:00,payment,
TXN-2498,109.46,2026-03-30 00:00:00,payment,
TXN-2499,60.96,2026-03-30 00:00:00,payment,
TXN-LATE,50.0,2026-03-31 23:00:00,payment,
TXN-MISSING,75.0,2026-03-15 12:00:00,payment,
TXN-ROUND-0,10.455,2026-03-25 10:00:00,payment,
TXN-ROUND-1,10.455,2026-03-25 10:00:00,payment,
TXN-ROUND-2,10.455,2026-03-25 10:00:00,payment,
TXN-ROUND-3,10.455,2026-03-25 10:00:00,payment,
TXN-ROUND-4,10.455,2026-03-25 10:00:00,payment,
TXN-ROUND-5,10.455,2026-03-25 10:00:00,payment,
TXN-ROUND-6,10.455,2026-03-25 10:00:00,payment,
TXN-ROUND-7,10.455,2026-03-25 10:00:00,payment,
TXN-ROUND-8,10.455,2026-03-25 10:00:00,payment,
TXN-ROUND-9,10.455,2026-03-25 10:00:00,payment,
TXN-ROUND-10,10.455,2026-03-25 10:00:00,payment,
TXN-ROUND-11,10.455,2026-03-25 10:00:00,payment,
TXN-ROUND-12,10.455,2026-03-25 10:00:00,payment,
TXN-ROUND-13,10.455,2026-03-25 10:00:00,payment,
TXN-ROUND-14,10.455,2026-03-25 10:00:00,payment,
TXN-ROUND-15,10.455,2026-03-25 10:00:00,payment,
TXN-ROUND-16,10.455,2026-03-25 10:00:00,payment,
TXN-ROUND-17,10.455,2026-03-25 10:00:00,payment,
TXN-ROUND-18,10.455,2026-03-25 10:00:00,payment,
TXN-ROUND-19,10.455,2026-03-25 10:00:00,payment,
TXN-ROUND-20,10.455,2026-03-25 10:00:00,payment,
TXN-ROUND-21,10.455,2026-03-25 10:00:00,payment,
TXN-ROUND-22,10.455,2026-03-25 10:00:00,payment,
TXN-ROUND-23,10.455,2026-03-25 10:00:00,payment,
TXN-ROUND-24,10.455,2026-03-25 10:00:00,payment,
TXN-ROUND-25,10.455,2026-03-25 10:00:00,payment,
TXN-ROUND-26,10.455,2026-03-25 10:00:00,payment,
TXN-ROUND-27,10.455,2026-03-25 10:00:00,payment,
TXN-ROUND-28,10.455,2026-03-25 10:00:00,payment,
TXN-ROUND-29,10.455,2026-03-25 10:00:00,payment,
TXN-ROUND-30,10.455,2026-03-25 10:00:00,payment,
TXN-ROUND-31,10.455,2026-03-25 10:00:00,payment,
TXN-ROUND-32,10.455,2026-03-25 10:00:00,payment,
TXN-ROUND-33,10.455,2026-03-25 10:00:00,payment,
TXN-ROUND-34,10.455,2026-03-25 10:00:00,payment,
TXN-ROUND-35,10.455,2026-03-25 10:00:00,payment,
TXN-ROUND-36,10.455,2026-03-25 10:00:00,payment,
TXN-ROUND-37,10.455,2026-03-25 10:00:00,payment,
TXN-ROUND-38,10.455,2026-03-25 10:00:00,payment,
TXN-ROUND-39,10.455,2026-03-25 10:00:00,payment,
TXN-ROUND-40,10.455,2026-03-25 10:00:00,payment,
TXN-ROUND-41,10.455,2026-03-25 10:00:00,payment,
TXN-ROUND-42,10.455,2026-03-25 10:00:00,payment,
TXN-ROUND-43,10.455,2026-03-25 10:00:00,payment,
TXN-ROUND-44,10.455,2026-03-25 10:00:00,payment,
TXN-ROUND-45,10.455,2026-03-25 10:00:00,payment,
TXN-ROUND-46,10.455,2026-03-25 10:00:00,payment,
TXN-ROUND-47,10.455,2026-03-25 10:00:00,payment,
TXN-ROUND-48,10.455,2026-03-25 10:00:00,payment,
TXN-ROUND-49,10.455,2026-03-25 10:00:00,payment,
TXN-ROUND-50,10.455,2026-03-25 10:00:00,payment,
TXN-ROUND-51,10.455,2026-03-25 10:00:00,payment,
TXN-ROUND-52,10.455,2026-03-25 10:00:00,payment,
TXN-ROUND-53,10.455,2026-03-25 10:00:00,payment,
TXN-ROUND-54,10.455,2026-03-25 10:00:00,payment,
TXN-ROUND-55,10.455,2026-03-25 10:00:00,payment,
TXN-ROUND-56,10.455,2026-03-25 10:00:00,payment,
TXN-ROUND-57,10.455,2026-03-25 10:00:00,payment,
TXN-ROUND-58,10.455,2026-03-25 10:00:00,payment,
TXN-ROUND-59,10.455,2026-03-25 10:00:00,payment,
TXN-ROUND-60,10.455,2026-03-25 10:00:00,payment,
TXN-ROUND-61,10.455,2026-03-25 10:00:00,payment,
TXN-ROUND-62,10.455,2026-03-25 10:00:00,payment,
TXN-ROUND-63,10.455,2026-03-25 10:00:00,payment,
TXN-ROUND-64,10.455,2026-03-25 10:00:00,payment,
TXN-ROUND-65,10.455,2026-03-25 10:00:00,payment,
TXN-ROUND-66,10.455,2026-03-25 10:00:00,payment,
TXN-ROUND-67,10.455,2026-03-25 10:00:00,payment,
TXN-ROUND-68,10.455,2026-03-25 10:00:00,payment,
TXN-ROUND-69,10.455,2026-03-25 10:00:00,payment,
TXN-ROUND-70,10.455,2026-03-25 10:00:00,payment,
TXN-ROUND-71,10.455,2026-03-25 10:00:00,payment,
TXN-ROUND-72,10.455,2026-03-25 10:00:00,payment,
TXN-ROUND-73,10.455,2026-03-25 10:00:00,payment,
TXN-ROUND-74,10.455,2026-03-25 10:00:00,payment,
TXN-ROUND-75,10.455,2026-03-25 10:00:00,payment,
TXN-ROUND-76,10.455,2026-03-25 10:00:00,payment,
TXN-ROUND-77,10.455,2026-03-25 10:00:00,payment,
TXN-ROUND-78,10.455,2026-03-25 10:00:00,payment,
TXN-ROUND-79,10.455,2026-03-25 10:00:00,payment,
TXN-ROUND-80,10.455,2026-03-25 10:00:00,payment,
TXN-ROUND-81,10.455,2026-03-25 10:00:00,payment,
TXN-ROUND-82,10.455,2026-03-25 10:00:00,payment,
TXN-ROUND-83,10.455,2026-03-25 10:00:00,payment,
TXN-ROUND-84,10.455,2026-03-25 10:00:00,payment,
TXN-ROUND-85,10.455,2026-03-25 10:00:00,payment,
TXN-ROUND-86,10.455,2026-03-25 10:00:00,payment,
TXN-ROUND-87,10.455,2026-03-25 10:00:00,payment,
TXN-ROUND-88,10.455,2026-03-25 10:00:00,payment,
TXN-ROUND-89,10.455,2026-03-25 10:00:00,payment,
TXN-ROUND-90,10.455,2026-03-25 10:00:00,payment,
TXN-ROUND-91,10.455,2026-03-25 10:00:00,payment,
TXN-ROUND-92,10.455,2026-03-25 10:00:00,payment,
TXN-ROUND-93,10.455,2026-03-25 10:00:00,payment,
TXN-ROUND-94,10.455,2026-03-25 10:00:00,payment,
TXN-ROUND-95,10.455,2026-03-25 10:00:00,payment,
TXN-ROUND-96,10.455,2026-03-25 10:00:00,payment,
TXN-ROUND-97,10.455,2026-03-25 10:00:00,payment,
TXN-ROUND-98,10.455,2026-03-25 10:00:00,payment,
TXN-ROUND-99,10.455,2026-03-25 10:00:00,payment,
TXN-REFUND-ORPHAN,-25.0,2026-03-28 15:00:00,refund,TXN-NONEXISTENT
